Stelle,Link,Firmenname,Location,Informationen,Online-Informationen
Automobil-Mechatroniker / Diagnostiker / Systemtechniker,https://www.jobscout24.ch/de/job/automobil-mechatroniker-diagnostiker-systemtechniker/8833754/,"LUEG AG, Zweigniederlassung Wilderswil",Wilderswil,"{'Ansprechpartner': None, 'Firmengröße': None, 'Standorte': None, 'Telefon': [], 'EMail': []}","{'Webseite': 'https://accounts.google.com/ServiceLogin?hl=de&continue=https://www.google.com/search?q%3DLUEG%2520AG,%2520Zweigniederlassung%2520Wilderswil&gae=cb-none'}"
"Automobilfachmann, Automobilmechatroniker oder Automobildiagnostiker w/m mit EFZ",https://www.jobscout24.ch/de/job/automobilfachmann-automobilmechatroniker-oder-automobildiagnostiker-mit-efz/7234345/,Garage Eggimann AG,Muri b. Bern,"{'Ansprechpartner': None, 'Firmengröße': None, 'Standorte': None, 'Telefon': [], 'EMail': []}",{'Webseite': 'https://accounts.google.com/ServiceLogin?hl=de&continue=https://www.google.com/search?q%3DGarage%2520Eggimann%2520AG&gae=cb-none'}
Projektleiter Kabelbau (m/w/d),https://www.jobscout24.ch/de/job/projektleiter-kabelbau/9136029/,Rhomberg Sersa Rail Tec AG,Villmergen,"{'Ansprechpartner': None, 'Firmengröße': None, 'Standorte': None, 'Telefon': [], 'EMail': []}",{'Webseite': 'https://accounts.google.com/ServiceLogin?hl=de&continue=https://www.google.com/search?q%3DRhomberg%2520Sersa%2520Rail%2520Tec%2520AG&gae=cb-none'}
Automobil Mechatroniker/-in 100%,https://www.jobscout24.ch/de/job/automobil-mechatroniker/9161777/,AMAG Group,Rheinfelden,"{'Ansprechpartner': None, 'Firmengröße': None, 'Standorte': None, 'Telefon': [], 'EMail': []}",{'Webseite': 'https://accounts.google.com/ServiceLogin?hl=de&continue=https://www.google.com/search?q%3DAMAG%2520Group&gae=cb-none'}
Projektleiter/in Schreinerei,https://www.jobscout24.ch/de/job/projektleiter-schreinerei/3084684/,Holzbau Hügli AG,Meikirch,"{'Ansprechpartner': None, 'Firmengröße': None, 'Standorte': None, 'Telefon': [], 'EMail': []}",{'Webseite': 'https://accounts.google.com/ServiceLogin?hl=de&continue=https://www.google.com/search?q%3DHolzbau%2520H%25C3%25BCgli%2520AG&gae=cb-none'}
Polymechaniker Fachrichtung CNC-Fräsen & CNC-Drehen (m/w/d),https://www.jobscout24.ch/de/job/polymechaniker-fachrichtung-cnc-fr%C3%A4sen-cnc-drehen/8988247/,Meag AG,Gretzenbach,"{'Ansprechpartner': None, 'Firmengröße': None, 'Standorte': None, 'Telefon': [], 'EMail': []}",{'Webseite': 'https://accounts.google.com/ServiceLogin?hl=de&continue=https://www.google.com/search?q%3DMeag%2520AG&gae=cb-none'}
Lagermitarbeiter / Logistiker EFZ 100% (w/m),https://www.jobscout24.ch/de/job/lagermitarbeiter-logistiker-efz/9183684/,Elri AG,Derendingen,"{'Ansprechpartner': None, 'Firmengröße': None, 'Standorte': None, 'Telefon': [], 'EMail': []}",{'Webseite': 'https://accounts.google.com/ServiceLogin?hl=de&continue=https://www.google.com/search?q%3DElri%2520AG&gae=cb-none'}
Carrosserielackierer/in,https://www.jobscout24.ch/de/job/carrosserielackierer/9183143/,Carrosserie Ryser AG,Rotkreuz,"{'Ansprechpartner': None, 'Firmengröße': None, 'Standorte': None, 'Telefon': [], 'EMail': []}",{'Webseite': 'https://accounts.google.com/ServiceLogin?hl=de&continue=https://www.google.com/search?q%3DCarrosserie%2520Ryser%2520AG&gae=cb-none'}
Installateur Schwimmbadbau 80% - 100%,https://www.jobscout24.ch/de/job/installateur-schwimmbadbau/9183077/,Linz & Partner Schwimmbadtechnik GmbH,Baden,"{'Ansprechpartner': None, 'Firmengröße': None, 'Standorte': None, 'Telefon': [], 'EMail': []}",{'Webseite': 'https://accounts.google.com/ServiceLogin?hl=de&continue=https://www.google.com/search?q%3DLinz%2520%26%2520Partner%2520Schwimmbadtechnik%2520GmbH&gae=cb-none'}
Fahrzeugaufbereiter (m/w/d) 100% oder Teilzeit,https://www.jobscout24.ch/de/job/fahrzeugaufbereiter-oder-teilzeit/8989933/,EugsterCar Center,Thal,"{'Ansprechpartner': None, 'Firmengröße': None, 'Standorte': None, 'Telefon': [], 'EMail': []}",{'Webseite': 'https://accounts.google.com/ServiceLogin?hl=de&continue=https://www.google.com/search?q%3DEugsterCar%2520Center&gae=cb-none'}
Kalkulator/in Bau Tief- und Strassenbau 100 %,https://www.jobscout24.ch/de/job/kalkulator-bau-tief-und-strassenbau-100/9180241/,Isen Tiefbau AG,Otelfingen,"{'Ansprechpartner': None, 'Firmengröße': None, 'Standorte': None, 'Telefon': [], 'EMail': []}",{'Webseite': 'https://accounts.google.com/ServiceLogin?hl=de&continue=https://www.google.com/search?q%3DIsen%2520Tiefbau%2520AG&gae=cb-none'}
Polymechaniker 100% (m/w/d),https://www.jobscout24.ch/de/job/polymechaniker/8736693/,Plastechnik AG,Bösingen,"{'Ansprechpartner': None, 'Firmengröße': None, 'Standorte': None, 'Telefon': [], 'EMail': []}",{'Webseite': 'https://accounts.google.com/ServiceLogin?hl=de&continue=https://www.google.com/search?q%3DPlastechnik%2520AG&gae=cb-none'}
Automobil-Fachmann/Mechatroniker Volvo 100%,https://www.jobscout24.ch/de/job/automobil-fachmann-mechatroniker-volvo/9110932/,Autohaus Küng AG,Gebenstorf,"{'Ansprechpartner': None, 'Firmengröße': None, 'Standorte': None, 'Telefon': [], 'EMail': []}",{'Webseite': 'https://accounts.google.com/ServiceLogin?hl=de&continue=https://www.google.com/search?q%3DAutohaus%2520K%25C3%25BCng%2520AG&gae=cb-none'}
Automobilfachmann oder Automobilmechatroniker (-in),https://www.jobscout24.ch/de/job/automobilfachmann-oder-automobilmechatroniker/9178522/,Emil Frey AG Baden,Oberrohrdorf,"{'Ansprechpartner': None, 'Firmengröße': None, 'Standorte': None, 'Telefon': [], 'EMail': []}",{'Webseite': 'https://accounts.google.com/ServiceLogin?hl=de&continue=https://www.google.com/search?q%3DEmil%2520Frey%2520AG%2520Baden&gae=cb-none'}
Lastwagenmechaniker /Automechaniker /Landmaschinenmechaniker,https://www.jobscout24.ch/de/job/lastwagenmechaniker-automechaniker-landmaschinenmechaniker/9177685/,annerturgi Nutzfahrzeuge AG,Turgi,"{'Ansprechpartner': None, 'Firmengröße': None, 'Standorte': None, 'Telefon': [], 'EMail': []}",{'Webseite': 'https://accounts.google.com/ServiceLogin?hl=de&continue=https://www.google.com/search?q%3Dannerturgi%2520Nutzfahrzeuge%2520AG&gae=cb-none'}
Carrosserielackierer,https://www.jobscout24.ch/de/job/carrosserielackierer/9176050/,Carrosserie-Spritzwerk Rudin GmbH,Gelterkinden,"{'Ansprechpartner': None, 'Firmengröße': None, 'Standorte': None, 'Telefon': [], 'EMail': []}",{'Webseite': 'https://accounts.google.com/ServiceLogin?hl=de&continue=https://www.google.com/search?q%3DCarrosserie-Spritzwerk%2520Rudin%2520GmbH&gae=cb-none'}
Bauspengler / in,https://www.jobscout24.ch/de/job/bauspengler/9175984/,ALLTEC Dach AG,Zürich,"{'Ansprechpartner': None, 'Firmengröße': None, 'Standorte': None, 'Telefon': [], 'EMail': []}",{'Webseite': 'https://accounts.google.com/ServiceLogin?hl=de&continue=https://www.google.com/search?q%3DALLTEC%2520Dach%2520AG&gae=cb-none'}
Automobil-Fachmann/-frau oder eine/n Automobil-MechatronikerIn 80-100%,https://www.jobscout24.ch/de/job/automobil-fachmann-frau-oder-eine-automobil-mechatroniker/1984806/,Bohny Automobile AG,Steffisburg,"{'Ansprechpartner': None, 'Firmengröße': None, 'Standorte': None, 'Telefon': [], 'EMail': []}",{'Webseite': 'https://accounts.google.com/ServiceLogin?hl=de&continue=https://www.google.com/search?q%3DBohny%2520Automobile%2520AG&gae=cb-none'}
Reifenpraktiker / Automobilfachmann 100%,https://www.jobscout24.ch/de/job/reifenpraktiker-automobilfachmann/9174479/,Garage Siegenthaler AG,Tobel,"{'Ansprechpartner': None, 'Firmengröße': None, 'Standorte': None, 'Telefon': [], 'EMail': []}",{'Webseite': 'https://accounts.google.com/ServiceLogin?hl=de&continue=https://www.google.com/search?q%3DGarage%2520Siegenthaler%2520AG&gae=cb-none'}
Konditor-Confiseur/In,https://www.jobscout24.ch/de/job/konditor-confiseur/9173192/,"Café-Chocolatier Amrein, Inhaber Michael Renggli",Willisau,"{'Ansprechpartner': None, 'Firmengröße': None, 'Standorte': None, 'Telefon': [], 'EMail': []}","{'Webseite': 'https://accounts.google.com/ServiceLogin?hl=de&continue=https://www.google.com/search?q%3DCaf%25C3%25A9-Chocolatier%2520Amrein,%2520Inhaber%2520Michael%2520Renggli&gae=cb-none'}"
Automobilmechatroniker oder Automobildiagnostiker 80-100% (m/w),https://www.jobscout24.ch/de/job/automobilmechatroniker-oder-automobildiagnostiker/9173050/,AUTO METER AG,Prattelen,"{'Ansprechpartner': None, 'Firmengröße': None, 'Standorte': None, 'Telefon': [], 'EMail': []}",{'Webseite': 'https://accounts.google.com/ServiceLogin?hl=de&continue=https://www.google.com/search?q%3DAUTO%2520METER%2520AG&gae=cb-none'}
Service-Aushilfe,https://www.jobscout24.ch/de/job/service-aushilfe/9171107/,BeAr Gastro GmbH,Kerns,"{'Ansprechpartner': None, 'Firmengröße': None, 'Standorte': None, 'Telefon': [], 'EMail': []}",{'Webseite': 'https://accounts.google.com/ServiceLogin?hl=de&continue=https://www.google.com/search?q%3DBeAr%2520Gastro%2520GmbH&gae=cb-none'}
Automobildiagnostiker/in (100%) m/w oder Automobilmechatroniker in Weiterbildung,https://www.jobscout24.ch/de/job/automobildiagnostiker-oder-automobilmechatroniker-weiterbildung/8685649/,Auto-Germann AG,Hunzenschwil,"{'Ansprechpartner': None, 'Firmengröße': None, 'Standorte': None, 'Telefon': [], 'EMail': []}",{'Webseite': 'https://accounts.google.com/ServiceLogin?hl=de&continue=https://www.google.com/search?q%3DAuto-Germann%2520AG&gae=cb-none'}
Netzelektriker:in 80 - 100 %,https://www.jobscout24.ch/de/job/netzelektriker-100/8753263/,Primeo Energie,Olten,"{'Ansprechpartner': None, 'Firmengröße': None, 'Standorte': None, 'Telefon': [], 'EMail': []}",{'Webseite': 'https://accounts.google.com/ServiceLogin?hl=de&continue=https://www.google.com/search?q%3DPrimeo%2520Energie&gae=cb-none'}
Projektleiterin / Projektleiter oder Gebäudetechnikplanerin / Gebäudetechnikplaner Heizung / Kälte,https://www.jobscout24.ch/de/job/projektleiterin-projektleiter-oder-geb%C3%A4udetechnikplanerin-geb%C3%A4udetechnikplaner-heizung-k%C3%A4lte/9184548/,Helbling Beratung + Bauplanung,Zürich,"{'Ansprechpartner': None, 'Firmengröße': None, 'Standorte': None, 'Telefon': [], 'EMail': []}",{'Webseite': 'https://accounts.google.com/ServiceLogin?hl=de&continue=https://www.google.com/search?q%3DHelbling%2520Beratung%2520%2B%2520Bauplanung&gae=cb-none'}
Werkstattleiter/in 100% (m/w/d),https://www.jobscout24.ch/de/job/werkstattleiter/9011960/,Garage Antener GmbH,Brügg b. Biel,"{'Ansprechpartner': None, 'Firmengröße': None, 'Standorte': None, 'Telefon': [], 'EMail': []}",{'Webseite': 'https://accounts.google.com/ServiceLogin?hl=de&continue=https://www.google.com/search?q%3DGarage%2520Antener%2520GmbH&gae=cb-none'}
Sanitärinstallateur,https://www.jobscout24.ch/de/job/sanit%C3%A4rinstallateur/9168752/,Gebr. Knabenhans AG,Zürich,"{'Ansprechpartner': None, 'Firmengröße': None, 'Standorte': None, 'Telefon': [], 'EMail': []}",{'Webseite': 'https://accounts.google.com/ServiceLogin?hl=de&continue=https://www.google.com/search?q%3DGebr.%2520Knabenhans%2520AG&gae=cb-none'}
Bus-Spezialist (M/W),https://www.jobscout24.ch/de/job/bus-spezialist/7091479/,Alfag Egerkingen AG,Egerkingen,"{'Ansprechpartner': None, 'Firmengröße': None, 'Standorte': None, 'Telefon': [], 'EMail': []}",{'Webseite': 'https://accounts.google.com/ServiceLogin?hl=de&continue=https://www.google.com/search?q%3DAlfag%2520Egerkingen%2520AG&gae=cb-none'}
Metallbauer/in (m/w/d) 80 - 100 %,https://www.jobscout24.ch/de/job/metallbauer-100/9167541/,Stiftung Terra Vecchia,Kehrsatz,"{'Ansprechpartner': None, 'Firmengröße': None, 'Standorte': None, 'Telefon': [], 'EMail': []}",{'Webseite': 'https://accounts.google.com/ServiceLogin?hl=de&continue=https://www.google.com/search?q%3DStiftung%2520Terra%2520Vecchia&gae=cb-none'}
Automobilmechatroniker 60% - 100%,https://www.jobscout24.ch/de/job/automobilmechatroniker/2085900/,Garage Witschi AG,Burgdorf,"{'Ansprechpartner': None, 'Firmengröße': None, 'Standorte': None, 'Telefon': [], 'EMail': []}",{'Webseite': 'https://accounts.google.com/ServiceLogin?hl=de&continue=https://www.google.com/search?q%3DGarage%2520Witschi%2520AG&gae=cb-none'}
Stellvertretende/r Werkstattleiter/in (w/m/d) 100% im Porsche Zentrum Bern,https://www.jobscout24.ch/de/job/stellvertretende-werkstattleiter-porsche-zentrum-bern/9098048/,Orchid Sports Cars Bern AG,Bern,"{'Ansprechpartner': None, 'Firmengröße': None, 'Standorte': None, 'Telefon': [], 'EMail': []}",{'Webseite': 'https://accounts.google.com/ServiceLogin?hl=de&continue=https://www.google.com/search?q%3DOrchid%2520Sports%2520Cars%2520Bern%2520AG&gae=cb-none'}
"Projektleiter Bau (m/w/d) 100%, Region Zürich und Graubünden",https://www.jobscout24.ch/de/job/projektleiter-bau-region-z%C3%BCrich-und-graub%C3%BCnden/5643247/,Mathis Baumanagement AG,Chur,"{'Ansprechpartner': None, 'Firmengröße': None, 'Standorte': None, 'Telefon': [], 'EMail': []}",{'Webseite': 'https://accounts.google.com/ServiceLogin?hl=de&continue=https://www.google.com/search?q%3DMathis%2520Baumanagement%2520AG&gae=cb-none'}
Monteur,https://www.jobscout24.ch/de/job/monteur/9165828/,Swissglasboy GmbH,Langenthal,"{'Ansprechpartner': None, 'Firmengröße': None, 'Standorte': None, 'Telefon': [], 'EMail': []}",{'Webseite': 'https://accounts.google.com/ServiceLogin?hl=de&continue=https://www.google.com/search?q%3DSwissglasboy%2520GmbH&gae=cb-none'}
Automobil-Diagnostiker / Automobil-Mechatroniker / Automobil-Fachmann,https://www.jobscout24.ch/de/job/automobil-diagnostiker-automobil-mechatroniker-automobil-fachmann/6127758/,Garage Elsener AG,Elsau,"{'Ansprechpartner': None, 'Firmengröße': None, 'Standorte': None, 'Telefon': [], 'EMail': []}",{'Webseite': 'https://accounts.google.com/ServiceLogin?hl=de&continue=https://www.google.com/search?q%3DGarage%2520Elsener%2520AG&gae=cb-none'}
Servicemitarbeiter/in,https://www.jobscout24.ch/de/job/servicemitarbeiter/9164991/,Pizzeria Reich GmbH,Summaprada,"{'Ansprechpartner': None, 'Firmengröße': None, 'Standorte': None, 'Telefon': [], 'EMail': []}",{'Webseite': 'https://accounts.google.com/ServiceLogin?hl=de&continue=https://www.google.com/search?q%3DPizzeria%2520Reich%2520GmbH&gae=cb-none'}
Wir suchen einen selbst. Automechaniker per sofort oder Absprache,https://www.jobscout24.ch/de/job/wir-suchen-einen-selbst-automechaniker-per-sofort-oder-absprache/2817264/,Garage - Pneuhaus Carlone AG,Hinwil,"{'Ansprechpartner': None, 'Firmengröße': None, 'Standorte': None, 'Telefon': [], 'EMail': []}",{'Webseite': 'https://accounts.google.com/ServiceLogin?hl=de&continue=https://www.google.com/search?q%3DGarage%2520-%2520Pneuhaus%2520Carlone%2520AG&gae=cb-none'}
WERKSTATTLEITER/IN 100 % mit Fachwissen Oldtimer,https://www.jobscout24.ch/de/job/werkstattleiter-100-mit-fachwissen-oldtimer/9164487/,Touring Garage AG,Oberweningen,"{'Ansprechpartner': None, 'Firmengröße': None, 'Standorte': None, 'Telefon': [], 'EMail': []}",{'Webseite': 'https://accounts.google.com/ServiceLogin?hl=de&continue=https://www.google.com/search?q%3DTouring%2520Garage%2520AG&gae=cb-none'}
Bauarbeiter B/C,https://www.jobscout24.ch/de/job/bauarbeiter/9164100/,Bau-Dienstleistungen Müller Vinz GmbH,Unterengstringen,"{'Ansprechpartner': None, 'Firmengröße': None, 'Standorte': None, 'Telefon': [], 'EMail': []}",{'Webseite': 'https://accounts.google.com/ServiceLogin?hl=de&continue=https://www.google.com/search?q%3DBau-Dienstleistungen%2520M%25C3%25BCller%2520Vinz%2520GmbH&gae=cb-none'}
Betriebsmechaniker (100%-Pensum),https://www.jobscout24.ch/de/job/betriebsmechaniker/8687531/,RickliS Kaffeerösterei | Ernst Rickli AG,Uznach,"{'Ansprechpartner': None, 'Firmengröße': None, 'Standorte': None, 'Telefon': [], 'EMail': []}",{'Webseite': 'https://accounts.google.com/ServiceLogin?hl=de&continue=https://www.google.com/search?q%3DRickliS%2520Kaffeer%25C3%25B6sterei%2520%257C%2520Ernst%2520Rickli%2520AG&gae=cb-none'}
Automobilfachmann / Automobilmechatroniker (m/w/d) 80-100%,https://www.jobscout24.ch/de/job/automobilfachmann-automobilmechatroniker/9160206/,Garage Rohrbach AG,Wohlen AG 2,"{'Ansprechpartner': None, 'Firmengröße': None, 'Standorte': None, 'Telefon': [], 'EMail': []}",{'Webseite': 'https://accounts.google.com/ServiceLogin?hl=de&continue=https://www.google.com/search?q%3DGarage%2520Rohrbach%2520AG&gae=cb-none'}
Automobil Mechatroniker / Automobilfachmann EFZ,https://www.jobscout24.ch/de/job/automobil-mechatroniker-automobilfachmann-efz/5849691/,Garage Kreisel AG,Mönchaltorf,"{'Ansprechpartner': None, 'Firmengröße': None, 'Standorte': None, 'Telefon': [], 'EMail': []}",{'Webseite': 'https://accounts.google.com/ServiceLogin?hl=de&continue=https://www.google.com/search?q%3DGarage%2520Kreisel%2520AG&gae=cb-none'}
Forstwart/in EFZ für den Forstbetrieb und den technischen Dienst (80 - 100%),https://www.jobscout24.ch/de/job/forstwart-efz-f%C3%BCr-den-forstbetrieb-und-den-technischen-dienst/9159240/,Cumün da Val Müstair,Müstair,"{'Ansprechpartner': None, 'Firmengröße': None, 'Standorte': None, 'Telefon': [], 'EMail': []}",{'Webseite': 'https://accounts.google.com/ServiceLogin?hl=de&continue=https://www.google.com/search?q%3DCum%25C3%25BCn%2520da%2520Val%2520M%25C3%25BCstair&gae=cb-none'}
Autolackierer/-in,https://www.jobscout24.ch/de/job/autolackierer/9157668/,automosconi GmbH,Lengnau BE,"{'Ansprechpartner': None, 'Firmengröße': None, 'Standorte': None, 'Telefon': [], 'EMail': []}",{'Webseite': 'https://accounts.google.com/ServiceLogin?hl=de&continue=https://www.google.com/search?q%3Dautomosconi%2520GmbH&gae=cb-none'}
Servicetechniker/in für Förderanlagen (m/w/d),https://www.jobscout24.ch/de/job/servicetechniker-f%C3%BCr-f%C3%B6rderanlagen/8865719/,Apleona Schweiz AG,Schaffhausen,"{'Ansprechpartner': None, 'Firmengröße': None, 'Standorte': None, 'Telefon': [], 'EMail': []}",{'Webseite': 'https://accounts.google.com/ServiceLogin?hl=de&continue=https://www.google.com/search?q%3DApleona%2520Schweiz%2520AG&gae=cb-none'}
Elektroinstallateur,https://www.jobscout24.ch/de/job/elektroinstallateur/9157141/,Elektro Lang GmbH,Affoltern am Albis,"{'Ansprechpartner': None, 'Firmengröße': None, 'Standorte': None, 'Telefon': [], 'EMail': []}",{'Webseite': 'https://accounts.google.com/ServiceLogin?hl=de&continue=https://www.google.com/search?q%3DElektro%2520Lang%2520GmbH&gae=cb-none'}
Automobilmechatroniker/-in oder Automobilfachmann/-frau,https://www.jobscout24.ch/de/job/automobilmechatroniker-oder-automobilfachmann-frau/6880885/,Seegarage Stäfa AG,Stäfa,"{'Ansprechpartner': None, 'Firmengröße': None, 'Standorte': None, 'Telefon': [], 'EMail': []}",{'Webseite': 'https://accounts.google.com/ServiceLogin?hl=de&continue=https://www.google.com/search?q%3DSeegarage%2520St%25C3%25A4fa%2520AG&gae=cb-none'}
Service-Mitarbeiter/in,https://www.jobscout24.ch/de/job/service-mitarbeiter/9156192/,Spycher Fondue House GmbH,Luzern,"{'Ansprechpartner': None, 'Firmengröße': None, 'Standorte': None, 'Telefon': [], 'EMail': []}",{'Webseite': 'https://accounts.google.com/ServiceLogin?hl=de&continue=https://www.google.com/search?q%3DSpycher%2520Fondue%2520House%2520GmbH&gae=cb-none'}
Automobilmechatroniker,https://www.jobscout24.ch/de/job/automobilmechatroniker/9089666/,Seemattgarage Peischler GmbH,Bülach,"{'Ansprechpartner': None, 'Firmengröße': None, 'Standorte': None, 'Telefon': [], 'EMail': []}",{'Webseite': 'https://accounts.google.com/ServiceLogin?hl=de&continue=https://www.google.com/search?q%3DSeemattgarage%2520Peischler%2520GmbH&gae=cb-none'}
"Automobil-Mechatroniker /- in mit Koordination Werkstatt, 80-100% (m/w/d)",https://www.jobscout24.ch/de/job/automobil-mechatroniker-mit-koordination-werkstatt/7081835/,Auto Niederhäuser AG,Schmitten FR,"{'Ansprechpartner': None, 'Firmengröße': None, 'Standorte': None, 'Telefon': [], 'EMail': []}",{'Webseite': 'https://accounts.google.com/ServiceLogin?hl=de&continue=https://www.google.com/search?q%3DAuto%2520Niederh%25C3%25A4user%2520AG&gae=cb-none'}
Automobil-Assistent oder Reifenpraktiker (m/w) 80-100%,https://www.jobscout24.ch/de/job/automobil-assistent-oder-reifenpraktiker/6654345/,Auto Faes AG,Biel/Bienne,"{'Ansprechpartner': None, 'Firmengröße': None, 'Standorte': None, 'Telefon': [], 'EMail': []}",{'Webseite': 'https://accounts.google.com/ServiceLogin?hl=de&continue=https://www.google.com/search?q%3DAuto%2520Faes%2520AG&gae=cb-none'}
Aussendienstmitarbeiter Autolacke & Zubehör (m/w),https://www.jobscout24.ch/de/job/aussendienstmitarbeiter-autolacke-zubeh%C3%B6r/9152495/,KAMBER Autolacke,Hölstein,"{'Ansprechpartner': None, 'Firmengröße': None, 'Standorte': None, 'Telefon': [], 'EMail': []}",{'Webseite': 'https://accounts.google.com/ServiceLogin?hl=de&continue=https://www.google.com/search?q%3DKAMBER%2520Autolacke&gae=cb-none'}
Automobil-Mechatroniker / Automobil-Fachmann,https://www.jobscout24.ch/de/job/automobil-mechatroniker-automobil-fachmann/8991581/,Rothacher AG,Oberrieden,"{'Ansprechpartner': None, 'Firmengröße': None, 'Standorte': None, 'Telefon': [], 'EMail': []}",{'Webseite': 'https://accounts.google.com/ServiceLogin?hl=de&continue=https://www.google.com/search?q%3DRothacher%2520AG&gae=cb-none'}
Allrounder Montage/ Lager/ Produktion 100%,https://www.jobscout24.ch/de/job/allrounder-montage-lager-produktion/9122489/,SIGNALTEC AG,Schwerzenbach,"{'Ansprechpartner': None, 'Firmengröße': None, 'Standorte': None, 'Telefon': [], 'EMail': []}",{'Webseite': 'https://accounts.google.com/ServiceLogin?hl=de&continue=https://www.google.com/search?q%3DSIGNALTEC%2520AG&gae=cb-none'}
Netzelektriker*in m/w (100%) per sofort oder nach Vereinbarung,https://www.jobscout24.ch/de/job/netzelektriker-per-sofort-oder-nach-vereinbarung/9150639/,Glattwerk AG,Dübendorf,"{'Ansprechpartner': None, 'Firmengröße': None, 'Standorte': None, 'Telefon': [], 'EMail': []}",{'Webseite': 'https://accounts.google.com/ServiceLogin?hl=de&continue=https://www.google.com/search?q%3DGlattwerk%2520AG&gae=cb-none'}
Schlosser / Anlage- und Apparatebauer (m/w/d),https://www.jobscout24.ch/de/job/schlosser-anlage-und-apparatebauer/9150582/,Hydremag AG,Waldstatt,"{'Ansprechpartner': None, 'Firmengröße': None, 'Standorte': None, 'Telefon': [], 'EMail': []}",{'Webseite': 'https://accounts.google.com/ServiceLogin?hl=de&continue=https://www.google.com/search?q%3DHydremag%2520AG&gae=cb-none'}
Autolackierer/in,https://www.jobscout24.ch/de/job/autolackierer/9150418/,Täfern Carrosserie + Spritzwerk GmbH,Dättwil AG,"{'Ansprechpartner': None, 'Firmengröße': None, 'Standorte': None, 'Telefon': [], 'EMail': []}",{'Webseite': 'https://accounts.google.com/ServiceLogin?hl=de&continue=https://www.google.com/search?q%3DT%25C3%25A4fern%2520Carrosserie%2520%2B%2520Spritzwerk%2520GmbH&gae=cb-none'}
KonstrukteurIn im Projektsupport,https://www.jobscout24.ch/de/job/konstrukteur-projektsupport/9149520/,Anlagenbau-AG,Kirchberg BE,"{'Ansprechpartner': None, 'Firmengröße': None, 'Standorte': None, 'Telefon': [], 'EMail': []}",{'Webseite': 'https://accounts.google.com/ServiceLogin?hl=de&continue=https://www.google.com/search?q%3DAnlagenbau-AG&gae=cb-none'}
Stahlstrahler im Rohrleitungs- und Apparatebau,https://www.jobscout24.ch/de/job/stahlstrahler-rohrleitungs-und-apparatebau/9144577/,Estrella AG,Ettingen,"{'Ansprechpartner': None, 'Firmengröße': None, 'Standorte': None, 'Telefon': [], 'EMail': []}",{'Webseite': 'https://accounts.google.com/ServiceLogin?hl=de&continue=https://www.google.com/search?q%3DEstrella%2520AG&gae=cb-none'}
Verkaufsberaterin / ServicemitarbeiterIn,https://www.jobscout24.ch/de/job/verkaufsberaterin-servicemitarbeiter/9143752/,Huncho Burger GmbH,Zürich,"{'Ansprechpartner': None, 'Firmengröße': None, 'Standorte': None, 'Telefon': [], 'EMail': []}",{'Webseite': 'https://accounts.google.com/ServiceLogin?hl=de&continue=https://www.google.com/search?q%3DHuncho%2520Burger%2520GmbH&gae=cb-none'}
Mitarbeiter in der Fabrikation,https://www.jobscout24.ch/de/job/mitarbeiter-der-fabrikation/8030914/,Hofmann Nutrition AG,Bützberg,"{'Ansprechpartner': None, 'Firmengröße': None, 'Standorte': None, 'Telefon': [], 'EMail': []}",{'Webseite': 'https://accounts.google.com/ServiceLogin?hl=de&continue=https://www.google.com/search?q%3DHofmann%2520Nutrition%2520AG&gae=cb-none'}
Automobil-Diagnostiker /- Mechatroniker/in Techniker Spezialbetrieb 100%,https://www.jobscout24.ch/de/job/automobil-diagnostiker-mechatroniker-techniker-spezialbetrieb/8923886/,Industriegarage AG,Winterthur,"{'Ansprechpartner': None, 'Firmengröße': None, 'Standorte': None, 'Telefon': [], 'EMail': []}",{'Webseite': 'https://accounts.google.com/ServiceLogin?hl=de&continue=https://www.google.com/search?q%3DIndustriegarage%2520AG&gae=cb-none'}
Automobil-Mechatroniker/in /Fachfrau/Fachmann / Diagnostiker/in 100%,https://www.jobscout24.ch/de/job/automobil-mechatroniker-fachfrau-fachmann-diagnostiker/9141667/,Auto Marti AG,Niederwangen b. Bern,"{'Ansprechpartner': None, 'Firmengröße': None, 'Standorte': None, 'Telefon': [], 'EMail': []}",{'Webseite': 'https://accounts.google.com/ServiceLogin?hl=de&continue=https://www.google.com/search?q%3DAuto%2520Marti%2520AG&gae=cb-none'}
Automobil Mechatroniker,https://www.jobscout24.ch/de/job/automobil-mechatroniker/9141451/,Auto-Stadelmann AG,Frick,"{'Ansprechpartner': None, 'Firmengröße': None, 'Standorte': None, 'Telefon': [], 'EMail': []}",{'Webseite': 'https://accounts.google.com/ServiceLogin?hl=de&continue=https://www.google.com/search?q%3DAuto-Stadelmann%2520AG&gae=cb-none'}
Automobildiagnostiker/-in,https://www.jobscout24.ch/de/job/automobildiagnostiker/9141047/,Brand Automobile AG,Schattdorf,"{'Ansprechpartner': None, 'Firmengröße': None, 'Standorte': None, 'Telefon': [], 'EMail': []}",{'Webseite': 'https://accounts.google.com/ServiceLogin?hl=de&continue=https://www.google.com/search?q%3DBrand%2520Automobile%2520AG&gae=cb-none'}
Automobil-Fachmann / -Fachfrau oder Automobilmechatroniker /-in 80-100%,https://www.jobscout24.ch/de/job/automobil-fachmann-fachfrau-oder-automobilmechatroniker/9139840/,Aare Touring Garage AG,Buchs AG,"{'Ansprechpartner': None, 'Firmengröße': None, 'Standorte': None, 'Telefon': [], 'EMail': []}",{'Webseite': 'https://accounts.google.com/ServiceLogin?hl=de&continue=https://www.google.com/search?q%3DAare%2520Touring%2520Garage%2520AG&gae=cb-none'}
Gestalter/in Werbetechnik / Réalisateur/trice technique publicitaire (80-100%),https://www.jobscout24.ch/de/job/gestalter-werbetechnik-r%C3%A9alisateur-trice-technique-publicitaire/9137218/,Remund Werbetechnik AG,Büchslen,"{'Ansprechpartner': None, 'Firmengröße': None, 'Standorte': None, 'Telefon': [], 'EMail': []}",{'Webseite': 'https://accounts.google.com/ServiceLogin?hl=de&continue=https://www.google.com/search?q%3DRemund%2520Werbetechnik%2520AG&gae=cb-none'}
Automobilmechatroniker mit Berufserfahrung,https://www.jobscout24.ch/de/job/automobilmechatroniker-mit-berufserfahrung/1974086/,Auto Suter Küssnacht GmbH,Küssnacht am Rigi,"{'Ansprechpartner': None, 'Firmengröße': None, 'Standorte': None, 'Telefon': [], 'EMail': []}",{'Webseite': 'https://accounts.google.com/ServiceLogin?hl=de&continue=https://www.google.com/search?q%3DAuto%2520Suter%2520K%25C3%25BCssnacht%2520GmbH&gae=cb-none'}
Automobil-Mechatroniker/in / Automobil-Fachmann/-frau,https://www.jobscout24.ch/de/job/automobil-mechatroniker-automobil-fachmann-frau/6393171/,Garage Ullmann AG,Uetendorf,"{'Ansprechpartner': None, 'Firmengröße': None, 'Standorte': None, 'Telefon': [], 'EMail': []}",{'Webseite': 'https://accounts.google.com/ServiceLogin?hl=de&continue=https://www.google.com/search?q%3DGarage%2520Ullmann%2520AG&gae=cb-none'}
Werkstatt-Leiter,https://www.jobscout24.ch/de/job/werkstatt-leiter/2078981/,Garage R. Blatter AG,Burgdorf,"{'Ansprechpartner': None, 'Firmengröße': None, 'Standorte': None, 'Telefon': [], 'EMail': []}",{'Webseite': 'https://accounts.google.com/ServiceLogin?hl=de&continue=https://www.google.com/search?q%3DGarage%2520R.%2520Blatter%2520AG&gae=cb-none'}
Ab Januar 2025 / Automobilmechatroniker / Diagnostiker (-in),https://www.jobscout24.ch/de/job/januar-2025-automobilmechatroniker-diagnostiker/9049157/,Emil Frey Baden,Oberrohrdorf,"{'Ansprechpartner': None, 'Firmengröße': None, 'Standorte': None, 'Telefon': [], 'EMail': []}",{'Webseite': 'https://accounts.google.com/ServiceLogin?hl=de&continue=https://www.google.com/search?q%3DEmil%2520Frey%2520Baden&gae=cb-none'}
Sanitärinstallateur / Heizungsinstallateur (m/w),https://www.jobscout24.ch/de/job/sanit%C3%A4rinstallateur-heizungsinstallateur/8044001/,Spielmann Haustechnik GmbH,Oberbuchsiten,"{'Ansprechpartner': None, 'Firmengröße': None, 'Standorte': None, 'Telefon': [], 'EMail': []}",{'Webseite': 'https://accounts.google.com/ServiceLogin?hl=de&continue=https://www.google.com/search?q%3DSpielmann%2520Haustechnik%2520GmbH&gae=cb-none'}
Werkstattchef/in 100%,https://www.jobscout24.ch/de/job/werkstattchef/8796363/,Hammer Nutzfahrzeug Center,Emmenbrücke 1,"{'Ansprechpartner': None, 'Firmengröße': None, 'Standorte': None, 'Telefon': [], 'EMail': []}",{'Webseite': 'https://accounts.google.com/ServiceLogin?hl=de&continue=https://www.google.com/search?q%3DHammer%2520Nutzfahrzeug%2520Center&gae=cb-none'}
"Mitarbeiter/in Druck und Plot (m/w/d, 80 – 100%)",https://www.jobscout24.ch/de/job/mitarbeiter-druck-und-plot/9128791/,PlotJet AG,Dübendorf,"{'Ansprechpartner': None, 'Firmengröße': None, 'Standorte': None, 'Telefon': [], 'EMail': []}",{'Webseite': 'https://accounts.google.com/ServiceLogin?hl=de&continue=https://www.google.com/search?q%3DPlotJet%2520AG&gae=cb-none'}
Automobil-Fachmann 100%,https://www.jobscout24.ch/de/job/automobil-fachmann/9126090/,R. Bühler AG,Neuenegg,"{'Ansprechpartner': None, 'Firmengröße': None, 'Standorte': None, 'Telefon': [], 'EMail': []}",{'Webseite': 'https://accounts.google.com/ServiceLogin?hl=de&continue=https://www.google.com/search?q%3DR.%2520B%25C3%25BChler%2520AG&gae=cb-none'}
Betriebsleiter Produktion (m/w/d) 100%,https://www.jobscout24.ch/de/job/betriebsleiter-produktion/9015876/,aXpel injection AG,Wolfwil / SO,"{'Ansprechpartner': None, 'Firmengröße': None, 'Standorte': None, 'Telefon': [], 'EMail': []}",{'Webseite': 'https://accounts.google.com/ServiceLogin?hl=de&continue=https://www.google.com/search?q%3DaXpel%2520injection%2520AG&gae=cb-none'}
Projektleiter Holzbau 100% (m/w/d),https://www.jobscout24.ch/de/job/projektleiter-holzbau/9125640/,Hürzeler Holzbau AG,Magden,"{'Ansprechpartner': None, 'Firmengröße': None, 'Standorte': None, 'Telefon': [], 'EMail': []}",{'Webseite': 'https://accounts.google.com/ServiceLogin?hl=de&continue=https://www.google.com/search?q%3DH%25C3%25BCrzeler%2520Holzbau%2520AG&gae=cb-none'}
SMD-Operator 100%,https://www.jobscout24.ch/de/job/smd-operator/9125334/,MINEL AG,Buttikon SZ,"{'Ansprechpartner': None, 'Firmengröße': None, 'Standorte': None, 'Telefon': [], 'EMail': []}",{'Webseite': 'https://accounts.google.com/ServiceLogin?hl=de&continue=https://www.google.com/search?q%3DMINEL%2520AG&gae=cb-none'}
Elektriker,https://www.jobscout24.ch/de/job/elektriker/9125304/,Michel Verkauf + Service,Zürich,"{'Ansprechpartner': None, 'Firmengröße': None, 'Standorte': None, 'Telefon': [], 'EMail': []}",{'Webseite': 'https://accounts.google.com/ServiceLogin?hl=de&continue=https://www.google.com/search?q%3DMichel%2520Verkauf%2520%2B%2520Service&gae=cb-none'}
Nutzfahrzeug-Mechaniker,https://www.jobscout24.ch/de/job/nutzfahrzeug-mechaniker/9076149/,Peter Engeloch AG,Riggisberg,"{'Ansprechpartner': None, 'Firmengröße': None, 'Standorte': None, 'Telefon': [], 'EMail': []}",{'Webseite': 'https://accounts.google.com/ServiceLogin?hl=de&continue=https://www.google.com/search?q%3DPeter%2520Engeloch%2520AG&gae=cb-none'}
Fachkraft für Anlagendekontamination (m/w/d),https://www.jobscout24.ch/de/job/fachkraft-f%C3%BCr-anlagendekontamination/8991662/,Kernkraftwerk Leibstadt AG,Leibstadt,"{'Ansprechpartner': None, 'Firmengröße': None, 'Standorte': None, 'Telefon': [], 'EMail': []}",{'Webseite': 'https://accounts.google.com/ServiceLogin?hl=de&continue=https://www.google.com/search?q%3DKernkraftwerk%2520Leibstadt%2520AG&gae=cb-none'}
Automobildiagnostiker/-in oder Automobilmechatroniker/-in 80 - 100 %,https://www.jobscout24.ch/de/job/automobildiagnostiker-oder-automobilmechatroniker-100/3128464/,Garage Huber AG,Hombrechtikon,"{'Ansprechpartner': None, 'Firmengröße': None, 'Standorte': None, 'Telefon': [], 'EMail': []}",{'Webseite': 'https://accounts.google.com/ServiceLogin?hl=de&continue=https://www.google.com/search?q%3DGarage%2520Huber%2520AG&gae=cb-none'}
Lüftungsreiniger/in,https://www.jobscout24.ch/de/job/l%C3%BCftungsreiniger/9123245/,tiventa AG,Küttigen,"{'Ansprechpartner': None, 'Firmengröße': None, 'Standorte': None, 'Telefon': [], 'EMail': []}",{'Webseite': 'https://accounts.google.com/ServiceLogin?hl=de&continue=https://www.google.com/search?q%3Dtiventa%2520AG&gae=cb-none'}
Metallbauer / Tormonteur (m/w/d) 100%,https://www.jobscout24.ch/de/job/metallbauer-tormonteur/9122759/,Burkhalter Biembach Metall- und Stahlbau AG,Biembach im Emmental,"{'Ansprechpartner': None, 'Firmengröße': None, 'Standorte': None, 'Telefon': [], 'EMail': []}",{'Webseite': 'https://accounts.google.com/ServiceLogin?hl=de&continue=https://www.google.com/search?q%3DBurkhalter%2520Biembach%2520Metall-%2520und%2520Stahlbau%2520AG&gae=cb-none'}
Autolackierer / Carrosserielackierer / Aufbereiter (m/w) 100%,https://www.jobscout24.ch/de/job/autolackierer-carrosserielackierer-aufbereiter/8659389/,ROSPAG Rosso Sportivo AG,Urdorf,"{'Ansprechpartner': None, 'Firmengröße': None, 'Standorte': None, 'Telefon': [], 'EMail': []}",{'Webseite': 'https://accounts.google.com/ServiceLogin?hl=de&continue=https://www.google.com/search?q%3DROSPAG%2520Rosso%2520Sportivo%2520AG&gae=cb-none'}
Storenmonteur (m/w),https://www.jobscout24.ch/de/job/storenmonteur/5541035/,Rollstor AG,Bern,"{'Ansprechpartner': None, 'Firmengröße': None, 'Standorte': None, 'Telefon': [], 'EMail': []}",{'Webseite': 'https://accounts.google.com/ServiceLogin?hl=de&continue=https://www.google.com/search?q%3DRollstor%2520AG&gae=cb-none'}
LWL-Spleisser (80-100%),https://www.jobscout24.ch/de/job/lwl-spleisser/9088941/,Fiber Power AG,Trimmis,"{'Ansprechpartner': None, 'Firmengröße': None, 'Standorte': None, 'Telefon': [], 'EMail': []}",{'Webseite': 'https://accounts.google.com/ServiceLogin?hl=de&continue=https://www.google.com/search?q%3DFiber%2520Power%2520AG&gae=cb-none'}
Schreiner - Monteur 80-100%,https://www.jobscout24.ch/de/job/schreiner-monteur/9105533/,"Bugmann, Müller & Partner AG",Erlinsbach AG,"{'Ansprechpartner': None, 'Firmengröße': None, 'Standorte': None, 'Telefon': [], 'EMail': []}","{'Webseite': 'https://accounts.google.com/ServiceLogin?hl=de&continue=https://www.google.com/search?q%3DBugmann,%2520M%25C3%25BCller%2520%26%2520Partner%2520AG&gae=cb-none'}"
Oberflächenbeschichter / Galvaniker (w/m/d),https://www.jobscout24.ch/de/job/oberfl%C3%A4chenbeschichter-galvaniker/9081990/,Schneider Galvano AG,Wiedlisbach,"{'Ansprechpartner': None, 'Firmengröße': None, 'Standorte': None, 'Telefon': [], 'EMail': []}",{'Webseite': 'https://accounts.google.com/ServiceLogin?hl=de&continue=https://www.google.com/search?q%3DSchneider%2520Galvano%2520AG&gae=cb-none'}
Fahrer:in / Fahrzeugreiniger:in der Carrosserie,https://www.jobscout24.ch/de/job/fahrer-fahrzeugreiniger-der-carrosserie/9160131/,"Binelli Automobile AG, Carrosserie Adliswil",Adliswil 1,"{'Ansprechpartner': None, 'Firmengröße': None, 'Standorte': None, 'Telefon': [], 'EMail': []}","{'Webseite': 'https://accounts.google.com/ServiceLogin?hl=de&continue=https://www.google.com/search?q%3DBinelli%2520Automobile%2520AG,%2520Carrosserie%2520Adliswil&gae=cb-none'}"
Werkstattdisponent:in,https://www.jobscout24.ch/de/job/werkstattdisponent/9137946/,"Binelli Automobile AG, Filiale Zürich",Zürich,"{'Ansprechpartner': None, 'Firmengröße': None, 'Standorte': None, 'Telefon': [], 'EMail': []}","{'Webseite': 'https://accounts.google.com/ServiceLogin?hl=de&continue=https://www.google.com/search?q%3DBinelli%2520Automobile%2520AG,%2520Filiale%2520Z%25C3%25BCrich&gae=cb-none'}"
Softwareingenieur Modernisierung (m/w/d),https://www.jobscout24.ch/de/job/softwareingenieur-modernisierung/9087655/,Syntegon Packaging Systems AG,Beringen,"{'Ansprechpartner': None, 'Firmengröße': None, 'Standorte': None, 'Telefon': [], 'EMail': []}",{'Webseite': 'https://accounts.google.com/ServiceLogin?hl=de&continue=https://www.google.com/search?q%3DSyntegon%2520Packaging%2520Systems%2520AG&gae=cb-none'}
Landmaschinenmechaniker /-in oder Automobil-Mechatroniker /-in (Nutzfahrzeuge),https://www.jobscout24.ch/de/job/landmaschinenmechaniker-oder-automobil-mechatroniker/9185610/,Baudirektion Kanton Zürich,Urdorf,"{'Ansprechpartner': None, 'Firmengröße': None, 'Standorte': None, 'Telefon': [], 'EMail': []}",{'Webseite': 'https://accounts.google.com/ServiceLogin?hl=de&continue=https://www.google.com/search?q%3DBaudirektion%2520Kanton%2520Z%25C3%25BCrich&gae=cb-none'}
Einrichter / Linienleiter Technik Pharma Abfüllung (m/w) 100%,https://www.jobscout24.ch/de/job/einrichter-linienleiter-technik-pharma-abf%C3%BCllung/9185471/,ASM Aerosol-Service AG Agglomeration Basel/Rheinfelden,Möhlin,"{'Ansprechpartner': None, 'Firmengröße': None, 'Standorte': None, 'Telefon': [], 'EMail': []}",{'Webseite': 'https://accounts.google.com/ServiceLogin?hl=de&continue=https://www.google.com/search?q%3DASM%2520Aerosol-Service%2520AG%2520Agglomeration%2520Basel/Rheinfelden&gae=cb-none'}
Group Manager Packaging & Labeling (a),https://www.jobscout24.ch/de/job/group-manager-packaging-labeling/9184341/,Medartis AG,Basel,"{'Ansprechpartner': None, 'Firmengröße': None, 'Standorte': None, 'Telefon': [], 'EMail': []}",{'Webseite': 'https://accounts.google.com/ServiceLogin?hl=de&continue=https://www.google.com/search?q%3DMedartis%2520AG&gae=cb-none'}
Automobildiagnostiker Nutzfahrzeuge 100% (m/w),https://www.jobscout24.ch/de/job/automobildiagnostiker-nutzfahrzeuge/9083832/,Mercedes Benz Automobil AG,Bern,"{'Ansprechpartner': None, 'Firmengröße': None, 'Standorte': None, 'Telefon': [], 'EMail': []}",{'Webseite': 'https://accounts.google.com/ServiceLogin?hl=de&continue=https://www.google.com/search?q%3DMercedes%2520Benz%2520Automobil%2520AG&gae=cb-none'}
Service Techniker/in 80- 100%,https://www.jobscout24.ch/de/job/service-techniker/9184146/,Nencki AG,Langenthal,"{'Ansprechpartner': None, 'Firmengröße': None, 'Standorte': None, 'Telefon': [], 'EMail': []}",{'Webseite': 'https://accounts.google.com/ServiceLogin?hl=de&continue=https://www.google.com/search?q%3DNencki%2520AG&gae=cb-none'}
Mechanical & System Engineer Inno Lab (m/w/d),https://www.jobscout24.ch/de/job/mechanical-system-engineer-inno-lab/9184021/,"Stäubli Electrical Connectors AG, Allschwil",Allschwil,"{'Ansprechpartner': None, 'Firmengröße': None, 'Standorte': None, 'Telefon': [], 'EMail': []}","{'Webseite': 'https://accounts.google.com/ServiceLogin?hl=de&continue=https://www.google.com/search?q%3DSt%25C3%25A4ubli%2520Electrical%2520Connectors%2520AG,%2520Allschwil&gae=cb-none'}"
Spezialist Instandhaltung (m/w),https://www.jobscout24.ch/de/job/spezialist-instandhaltung/9183498/,HYDRO Exploitation SA,Ernen,"{'Ansprechpartner': None, 'Firmengröße': None, 'Standorte': None, 'Telefon': [], 'EMail': []}",{'Webseite': 'https://accounts.google.com/ServiceLogin?hl=de&continue=https://www.google.com/search?q%3DHYDRO%2520Exploitation%2520SA&gae=cb-none'}
KUNDENGIPSER/-IN 80%-100%,https://www.jobscout24.ch/de/job/kundengipser/9183436/,UB Umbau-Service AG,Bern,"{'Ansprechpartner': None, 'Firmengröße': None, 'Standorte': None, 'Telefon': [], 'EMail': []}",{'Webseite': 'https://accounts.google.com/ServiceLogin?hl=de&continue=https://www.google.com/search?q%3DUB%2520Umbau-Service%2520AG&gae=cb-none'}
Einbaumaschinist*in 100%,https://www.jobscout24.ch/de/job/einbaumaschinist/9111310/,Marti AG Solothurn,Bellach,"{'Ansprechpartner': None, 'Firmengröße': None, 'Standorte': None, 'Telefon': [], 'EMail': []}",{'Webseite': 'https://accounts.google.com/ServiceLogin?hl=de&continue=https://www.google.com/search?q%3DMarti%2520AG%2520Solothurn&gae=cb-none'}
On the Road / Service-Techniker:in 80 – 100 %,https://www.jobscout24.ch/de/job/the-road-service-techniker-100/9183133/,Osterwalder AG,Lyss,"{'Ansprechpartner': None, 'Firmengröße': None, 'Standorte': None, 'Telefon': [], 'EMail': []}",{'Webseite': 'https://accounts.google.com/ServiceLogin?hl=de&continue=https://www.google.com/search?q%3DOsterwalder%2520AG&gae=cb-none'}
Automobil-Fachmann/-frau EFZ / Reifenmanager/-in,https://www.jobscout24.ch/de/job/automobil-fachmann-frau-efz-reifenmanager/9183095/,Aaretal Garage AG,Münsingen,"{'Ansprechpartner': None, 'Firmengröße': None, 'Standorte': None, 'Telefon': [], 'EMail': []}",{'Webseite': 'https://accounts.google.com/ServiceLogin?hl=de&continue=https://www.google.com/search?q%3DAaretal%2520Garage%2520AG&gae=cb-none'}
Servicetechniker mechanisch & elektrisch h*,https://www.jobscout24.ch/de/job/servicetechniker-mechanisch-elektrisch/9183004/,humanik AG,"Kantone AG, ZG, LU, SO, BE, ZH","{'Ansprechpartner': None, 'Firmengröße': None, 'Standorte': None, 'Telefon': [], 'EMail': []}",{'Webseite': 'https://accounts.google.com/ServiceLogin?hl=de&continue=https://www.google.com/search?q%3Dhumanik%2520AG&gae=cb-none'}
Zeichner:in EFZ (Architektur oder Ingenieurbau 60-100%,https://www.jobscout24.ch/de/job/zeichner-efz-architektur-oder-ingenieurbau/9182868/,Garaventa AG,Goldau,"{'Ansprechpartner': None, 'Firmengröße': None, 'Standorte': None, 'Telefon': [], 'EMail': []}",{'Webseite': 'https://accounts.google.com/ServiceLogin?hl=de&continue=https://www.google.com/search?q%3DGaraventa%2520AG&gae=cb-none'}
Service Monteur 100%,https://www.jobscout24.ch/de/job/service-monteur/9020775/,Veriset AG,Root,"{'Ansprechpartner': None, 'Firmengröße': None, 'Standorte': None, 'Telefon': [], 'EMail': []}",{'Webseite': 'https://accounts.google.com/ServiceLogin?hl=de&continue=https://www.google.com/search?q%3DVeriset%2520AG&gae=cb-none'}
CNC - Maschinenbediener (m/w/d),https://www.jobscout24.ch/de/job/cnc-maschinenbediener/9181828/,RWM Schweiz AG,Altdorf UR,"{'Ansprechpartner': None, 'Firmengröße': None, 'Standorte': None, 'Telefon': [], 'EMail': []}",{'Webseite': 'https://accounts.google.com/ServiceLogin?hl=de&continue=https://www.google.com/search?q%3DRWM%2520Schweiz%2520AG&gae=cb-none'}
Ressortleiter Lager und Transporte (A),https://www.jobscout24.ch/de/job/ressortleiter-lager-und-transporte/9181759/,Zwilag Zwischenlager Würenlingen AG,Würenlingen,"{'Ansprechpartner': None, 'Firmengröße': None, 'Standorte': None, 'Telefon': [], 'EMail': []}",{'Webseite': 'https://accounts.google.com/ServiceLogin?hl=de&continue=https://www.google.com/search?q%3DZwilag%2520Zwischenlager%2520W%25C3%25BCrenlingen%2520AG&gae=cb-none'}
Kundenberater im Aussendienst 100% m/w auch als Quereinsteiger Altdorf,https://www.jobscout24.ch/de/job/kundenberater-aussendienst-auch-als-quereinsteiger-altdorf/9181619/,Nahrin AG,Sarnen,"{'Ansprechpartner': None, 'Firmengröße': None, 'Standorte': None, 'Telefon': [], 'EMail': []}",{'Webseite': 'https://accounts.google.com/ServiceLogin?hl=de&continue=https://www.google.com/search?q%3DNahrin%2520AG&gae=cb-none'}
Carrosseriespengler / Fahrzeugschlosser,https://www.jobscout24.ch/de/job/carrosseriespengler-fahrzeugschlosser/9181315/,GILGEN MECHANICS AG,Kirchberg BE,"{'Ansprechpartner': None, 'Firmengröße': None, 'Standorte': None, 'Telefon': [], 'EMail': []}",{'Webseite': 'https://accounts.google.com/ServiceLogin?hl=de&continue=https://www.google.com/search?q%3DGILGEN%2520MECHANICS%2520AG&gae=cb-none'}
Mitarbeiter*in Lackiererei (50-100%),https://www.jobscout24.ch/de/job/mitarbeiter-lackiererei/9181102/,RCM ESTECH AG,Burgdorf,"{'Ansprechpartner': None, 'Firmengröße': None, 'Standorte': None, 'Telefon': [], 'EMail': []}",{'Webseite': 'https://accounts.google.com/ServiceLogin?hl=de&continue=https://www.google.com/search?q%3DRCM%2520ESTECH%2520AG&gae=cb-none'}
Maler (m/w/d),https://www.jobscout24.ch/de/job/maler/9181014/,Barock Job AG,Raum Solothurn,"{'Ansprechpartner': None, 'Firmengröße': None, 'Standorte': None, 'Telefon': [], 'EMail': []}",{'Webseite': 'https://accounts.google.com/ServiceLogin?hl=de&continue=https://www.google.com/search?q%3DBarock%2520Job%2520AG&gae=cb-none'}
PRODUKTIONS- UND PROZESSINGENIEUR:IN 80-100% m/w/d,https://www.jobscout24.ch/de/job/produktions-und-prozessingenieur/9180552/,DT Swiss AG,Biel/Bienne,"{'Ansprechpartner': None, 'Firmengröße': None, 'Standorte': None, 'Telefon': [], 'EMail': []}",{'Webseite': 'https://accounts.google.com/ServiceLogin?hl=de&continue=https://www.google.com/search?q%3DDT%2520Swiss%2520AG&gae=cb-none'}
PROJEKTLEITER METALL- UND TORBAU 80 - 100 % M/W/D,https://www.jobscout24.ch/de/job/projektleiter-metall-und-torbau-100/9099803/,JOMOS Brandschutz AG,Balsthal,"{'Ansprechpartner': None, 'Firmengröße': None, 'Standorte': None, 'Telefon': [], 'EMail': []}",{'Webseite': 'https://accounts.google.com/ServiceLogin?hl=de&continue=https://www.google.com/search?q%3DJOMOS%2520Brandschutz%2520AG&gae=cb-none'}
Konstrukteur / Konstrukteurin (Maschinen- oder Lüftungszeichner),https://www.jobscout24.ch/de/job/konstrukteur-konstrukteurin/9180435/,Friotherm AG,Frauenfeld,"{'Ansprechpartner': None, 'Firmengröße': None, 'Standorte': None, 'Telefon': [], 'EMail': []}",{'Webseite': 'https://accounts.google.com/ServiceLogin?hl=de&continue=https://www.google.com/search?q%3DFriotherm%2520AG&gae=cb-none'}
Werkstattleiter Mechatronik,https://www.jobscout24.ch/de/job/werkstattleiter-mechatronik/9180433/,InterBUS AG,Kerzers,"{'Ansprechpartner': None, 'Firmengröße': None, 'Standorte': None, 'Telefon': [], 'EMail': []}",{'Webseite': 'https://accounts.google.com/ServiceLogin?hl=de&continue=https://www.google.com/search?q%3DInterBUS%2520AG&gae=cb-none'}
Werkstatt-Mitarbeiter (m/w) Innenausbau von Fahrzeugen (100%),https://www.jobscout24.ch/de/job/werkstatt-mitarbeiter-innenausbau-von-fahrzeugen/9180144/,Waldspurger AG,Bergdietikon,"{'Ansprechpartner': None, 'Firmengröße': None, 'Standorte': None, 'Telefon': [], 'EMail': []}",{'Webseite': 'https://accounts.google.com/ServiceLogin?hl=de&continue=https://www.google.com/search?q%3DWaldspurger%2520AG&gae=cb-none'}
Wir suchen für die Saison 2025 Mechaniker (m/w/d) 80-100%,https://www.jobscout24.ch/de/job/wir-suchen-f%C3%BCr-die-saison-2025-mechaniker/9180097/,Golf Lipperswil AG,Hefenhausen,"{'Ansprechpartner': None, 'Firmengröße': None, 'Standorte': None, 'Telefon': [], 'EMail': []}",{'Webseite': 'https://accounts.google.com/ServiceLogin?hl=de&continue=https://www.google.com/search?q%3DGolf%2520Lipperswil%2520AG&gae=cb-none'}
Automechaniker / Automobilmechatroniker 100% - HIndelbank (BE),https://www.jobscout24.ch/de/job/automechaniker-automobilmechatroniker-hindelbank/9178883/,Bantam Camping AG,Bern/Mittelland,"{'Ansprechpartner': None, 'Firmengröße': None, 'Standorte': None, 'Telefon': [], 'EMail': []}",{'Webseite': 'https://accounts.google.com/ServiceLogin?hl=de&continue=https://www.google.com/search?q%3DBantam%2520Camping%2520AG&gae=cb-none'}
Servicetechniker/in 80/100% (m/w/d),https://www.jobscout24.ch/de/job/servicetechniker/9178881/,ASSA ABLOY Entrance Systems Switzerland AG,Westschweiz,"{'Ansprechpartner': None, 'Firmengröße': None, 'Standorte': None, 'Telefon': [], 'EMail': []}",{'Webseite': 'https://accounts.google.com/ServiceLogin?hl=de&continue=https://www.google.com/search?q%3DASSA%2520ABLOY%2520Entrance%2520Systems%2520Switzerland%2520AG&gae=cb-none'}
Produktmanager (m/w/d) Stationenbau 80-100%,https://www.jobscout24.ch/de/job/produktmanager-stationenbau/9178566/,BBC Cellpack Power Systems,Villmergen,"{'Ansprechpartner': None, 'Firmengröße': None, 'Standorte': None, 'Telefon': [], 'EMail': []}",{'Webseite': 'https://accounts.google.com/ServiceLogin?hl=de&continue=https://www.google.com/search?q%3DBBC%2520Cellpack%2520Power%2520Systems&gae=cb-none'}
Spengler EFZ (m/w),https://www.jobscout24.ch/de/job/spengler-efz/9178406/,Morath AG Spengler+Flachdach,Allschwil,"{'Ansprechpartner': None, 'Firmengröße': None, 'Standorte': None, 'Telefon': [], 'EMail': []}",{'Webseite': 'https://accounts.google.com/ServiceLogin?hl=de&continue=https://www.google.com/search?q%3DMorath%2520AG%2520Spengler%2BFlachdach&gae=cb-none'}
Verantwortliche/r Technik (m/w) (80-100%),https://www.jobscout24.ch/de/job/verantwortliche-technik/9178190/,OST - Ostschweizer Fachhochschule,Buchs SG,"{'Ansprechpartner': None, 'Firmengröße': None, 'Standorte': None, 'Telefon': [], 'EMail': []}",{'Webseite': 'https://accounts.google.com/ServiceLogin?hl=de&continue=https://www.google.com/search?q%3DOST%2520-%2520Ostschweizer%2520Fachhochschule&gae=cb-none'}
Leiter:in Service HLKKS,https://www.jobscout24.ch/de/job/leiter-service-hlkks/9178062/,Equans Switzerland AG,St. Gallen,"{'Ansprechpartner': None, 'Firmengröße': None, 'Standorte': None, 'Telefon': [], 'EMail': []}",{'Webseite': 'https://accounts.google.com/ServiceLogin?hl=de&continue=https://www.google.com/search?q%3DEquans%2520Switzerland%2520AG&gae=cb-none'}
Technischer Fahrzeugaufbereiter (m/w/d) 100%,https://www.jobscout24.ch/de/job/technischer-fahrzeugaufbereiter/9177881/,Walter Hasler AG,Frick,"{'Ansprechpartner': None, 'Firmengröße': None, 'Standorte': None, 'Telefon': [], 'EMail': []}",{'Webseite': 'https://accounts.google.com/ServiceLogin?hl=de&continue=https://www.google.com/search?q%3DWalter%2520Hasler%2520AG&gae=cb-none'}
Leiter*in Technik 100% (Mitglied der Geschäftsleitung),https://www.jobscout24.ch/de/job/leiter-technik/9177830/,3A Composites Mobility AG,Altenrhein,"{'Ansprechpartner': None, 'Firmengröße': None, 'Standorte': None, 'Telefon': [], 'EMail': []}",{'Webseite': 'https://accounts.google.com/ServiceLogin?hl=de&continue=https://www.google.com/search?q%3D3A%2520Composites%2520Mobility%2520AG&gae=cb-none'}
Operator (KzPMA / EI-Anlage) (w/m/d) 80 - 100%,https://www.jobscout24.ch/de/job/operator/9177829/,Nitrochemie Wimmis AG,Wimmis,"{'Ansprechpartner': None, 'Firmengröße': None, 'Standorte': None, 'Telefon': [], 'EMail': []}",{'Webseite': 'https://accounts.google.com/ServiceLogin?hl=de&continue=https://www.google.com/search?q%3DNitrochemie%2520Wimmis%2520AG&gae=cb-none'}
Aufzugs-Monteur Modernisierung & Ersatzanlagen (m/w/d) Region Ostschweiz,https://www.jobscout24.ch/de/job/aufzugs-monteur-modernisierung-ersatzanlagen-region-ostschweiz/9177808/,TK Aufzüge AG,Ostschweiz,"{'Ansprechpartner': None, 'Firmengröße': None, 'Standorte': None, 'Telefon': [], 'EMail': []}",{'Webseite': 'https://accounts.google.com/ServiceLogin?hl=de&continue=https://www.google.com/search?q%3DTK%2520Aufz%25C3%25BCge%2520AG&gae=cb-none'}
Baumaschinenmechaniker (m/w/d) 60 -100%,https://www.jobscout24.ch/de/job/baumaschinenmechaniker/9177744/,Marti AG Bern,Moosseedorf,"{'Ansprechpartner': None, 'Firmengröße': None, 'Standorte': None, 'Telefon': [], 'EMail': []}",{'Webseite': 'https://accounts.google.com/ServiceLogin?hl=de&continue=https://www.google.com/search?q%3DMarti%2520AG%2520Bern&gae=cb-none'}
(Se­ni­or-) Pro­jekt­lei­ter:in Lüf­tung / Klima,https://www.jobscout24.ch/de/job/pro-jekt-lei-ter-l%C3%BCf-tung-klima/9177622/,eicher+pauli AG,Deutschschweiz,"{'Ansprechpartner': None, 'Firmengröße': None, 'Standorte': None, 'Telefon': [], 'EMail': []}",{'Webseite': 'https://accounts.google.com/ServiceLogin?hl=de&continue=https://www.google.com/search?q%3Deicher%2Bpauli%2520AG&gae=cb-none'}
Hydraulikfachmann Montage (100%),https://www.jobscout24.ch/de/job/hydraulikfachmann-montage/9176641/,Hydac Engineering AG,Steinhausen,"{'Ansprechpartner': None, 'Firmengröße': None, 'Standorte': None, 'Telefon': [], 'EMail': []}",{'Webseite': 'https://accounts.google.com/ServiceLogin?hl=de&continue=https://www.google.com/search?q%3DHydac%2520Engineering%2520AG&gae=cb-none'}
Ultraschallprüfer:in,https://www.jobscout24.ch/de/job/ultraschallpr%C3%BCfer/9176211/,SBB CFF FFS,Luzern,"{'Ansprechpartner': None, 'Firmengröße': None, 'Standorte': None, 'Telefon': [], 'EMail': []}",{'Webseite': 'https://accounts.google.com/ServiceLogin?hl=de&continue=https://www.google.com/search?q%3DSBB%2520CFF%2520FFS&gae=cb-none'}
Industrielackierer/in Oberflächentechnik Wechselschicht,https://www.jobscout24.ch/de/job/industrielackierer-oberfl%C3%A4chentechnik-wechselschicht/9176150/,Baumann Federn AG,Ermenswil,"{'Ansprechpartner': None, 'Firmengröße': None, 'Standorte': None, 'Telefon': [], 'EMail': []}",{'Webseite': 'https://accounts.google.com/ServiceLogin?hl=de&continue=https://www.google.com/search?q%3DBaumann%2520Federn%2520AG&gae=cb-none'}
Servicetechniker*in mit weltweiten Einsätzen,https://www.jobscout24.ch/de/job/servicetechniker-mit-weltweiten-eins%C3%A4tzen/9175894/,PackSys Global AG,Rüti ZH,"{'Ansprechpartner': None, 'Firmengröße': None, 'Standorte': None, 'Telefon': [], 'EMail': []}",{'Webseite': 'https://accounts.google.com/ServiceLogin?hl=de&continue=https://www.google.com/search?q%3DPackSys%2520Global%2520AG&gae=cb-none'}
Greenkeeping / Golfplatzpflege,https://www.jobscout24.ch/de/job/greenkeeping-golfplatzpflege/9175381/,Golf Club Schinznach Bad,Schinznach Bad,"{'Ansprechpartner': None, 'Firmengröße': None, 'Standorte': None, 'Telefon': [], 'EMail': []}",{'Webseite': 'https://accounts.google.com/ServiceLogin?hl=de&continue=https://www.google.com/search?q%3DGolf%2520Club%2520Schinznach%2520Bad&gae=cb-none'}
Projektleiter Elektroinstallation (w/m/d) 80-100%,https://www.jobscout24.ch/de/job/projektleiter-elektroinstallation/9175123/,ETAVIS AG,Winterthur,"{'Ansprechpartner': None, 'Firmengröße': None, 'Standorte': None, 'Telefon': [], 'EMail': []}",{'Webseite': 'https://accounts.google.com/ServiceLogin?hl=de&continue=https://www.google.com/search?q%3DETAVIS%2520AG&gae=cb-none'}
Monteur-Photovoltaik (w/m/d) 80-100%,https://www.jobscout24.ch/de/job/monteur-photovoltaik/9175101/,ETAVIS Kriegel+Schaffner AG,Basel,"{'Ansprechpartner': None, 'Firmengröße': None, 'Standorte': None, 'Telefon': [], 'EMail': []}",{'Webseite': 'https://accounts.google.com/ServiceLogin?hl=de&continue=https://www.google.com/search?q%3DETAVIS%2520Kriegel%2BSchaffner%2520AG&gae=cb-none'}
"Metallbaumonteur mit EFZ 80-100% (m/w), nach Vereinbarung",https://www.jobscout24.ch/de/job/metallbaumonteur-mit-efz-nach-vereinbarung/9175060/,Movitec AG,Wädenswil,"{'Ansprechpartner': None, 'Firmengröße': None, 'Standorte': None, 'Telefon': [], 'EMail': []}",{'Webseite': 'https://accounts.google.com/ServiceLogin?hl=de&continue=https://www.google.com/search?q%3DMovitec%2520AG&gae=cb-none'}
Stv. Teamleiter Mechatronik (w/m/d),https://www.jobscout24.ch/de/job/stv-teamleiter-mechatronik/9175055/,dormakaba Schweiz AG,Wetzikon ZH,"{'Ansprechpartner': None, 'Firmengröße': None, 'Standorte': None, 'Telefon': [], 'EMail': []}",{'Webseite': 'https://accounts.google.com/ServiceLogin?hl=de&continue=https://www.google.com/search?q%3Ddormakaba%2520Schweiz%2520AG&gae=cb-none'}
Glasfasertechniker/in,https://www.jobscout24.ch/de/job/glasfasertechniker/9174931/,Energie Service Biel/Bienne,Biel/Bienne,"{'Ansprechpartner': None, 'Firmengröße': None, 'Standorte': None, 'Telefon': [], 'EMail': []}",{'Webseite': 'https://accounts.google.com/ServiceLogin?hl=de&continue=https://www.google.com/search?q%3DEnergie%2520Service%2520Biel/Bienne&gae=cb-none'}
Elektroinstallateur*in / Montageelektriker*in EFZ (m/w/d) 80-100%,https://www.jobscout24.ch/de/job/elektroinstallateur-montageelektriker-efz/9174872/,IB Langenthal AG,Langenthal,"{'Ansprechpartner': None, 'Firmengröße': None, 'Standorte': None, 'Telefon': [], 'EMail': []}",{'Webseite': 'https://accounts.google.com/ServiceLogin?hl=de&continue=https://www.google.com/search?q%3DIB%2520Langenthal%2520AG&gae=cb-none'}
Eismeister 40% / Badmeister 40-100% (m/w),https://www.jobscout24.ch/de/job/eismeister-badmeister/9174702/,Regionales Eiszentrum Luzern AG,Luzern,"{'Ansprechpartner': None, 'Firmengröße': None, 'Standorte': None, 'Telefon': [], 'EMail': []}",{'Webseite': 'https://accounts.google.com/ServiceLogin?hl=de&continue=https://www.google.com/search?q%3DRegionales%2520Eiszentrum%2520Luzern%2520AG&gae=cb-none'}
"Automobil Mechatroniker, Fachmann, Assistenst, Landmaschinenmechaniker",https://www.jobscout24.ch/de/job/automobil-mechatroniker-fachmann-assistenst-landmaschinenmechaniker/9174475/,Brummer Reparatur AG,Deutschschweiz,"{'Ansprechpartner': None, 'Firmengröße': None, 'Standorte': None, 'Telefon': [], 'EMail': []}",{'Webseite': 'https://accounts.google.com/ServiceLogin?hl=de&continue=https://www.google.com/search?q%3DBrummer%2520Reparatur%2520AG&gae=cb-none'}
Fachmann:frau/Quereinsteiger:in Rohrleitungsnetze Gas/Wasser 80-100 %,https://www.jobscout24.ch/de/job/fachmann-frau-quereinsteiger-rohrleitungsnetze-gas-wasser-100/9174466/,ewl energie wasser luzern,Luzern,"{'Ansprechpartner': None, 'Firmengröße': None, 'Standorte': None, 'Telefon': [], 'EMail': []}",{'Webseite': 'https://accounts.google.com/ServiceLogin?hl=de&continue=https://www.google.com/search?q%3Dewl%2520energie%2520wasser%2520luzern&gae=cb-none'}
Projektkalkulator Metallbau 80-100% (m/w/d),https://www.jobscout24.ch/de/job/projektkalkulator-metallbau/9173380/,Blaser Metallbau AG,Andelfingen,"{'Ansprechpartner': None, 'Firmengröße': None, 'Standorte': None, 'Telefon': [], 'EMail': []}",{'Webseite': 'https://accounts.google.com/ServiceLogin?hl=de&continue=https://www.google.com/search?q%3DBlaser%2520Metallbau%2520AG&gae=cb-none'}
Servicetechniker / Allrounder 80 – 100 %,https://www.jobscout24.ch/de/job/servicetechniker-allrounder-100/9173278/,Impana AG,Region Luzern,"{'Ansprechpartner': None, 'Firmengröße': None, 'Standorte': None, 'Telefon': [], 'EMail': []}",{'Webseite': 'https://accounts.google.com/ServiceLogin?hl=de&continue=https://www.google.com/search?q%3DImpana%2520AG&gae=cb-none'}
Reha-Technikerin / Reha-Techniker,https://www.jobscout24.ch/de/job/reha-technikerin-reha-techniker/9172946/,Rehaklinik Bellikon,Bellikon,"{'Ansprechpartner': None, 'Firmengröße': None, 'Standorte': None, 'Telefon': [], 'EMail': []}",{'Webseite': 'https://accounts.google.com/ServiceLogin?hl=de&continue=https://www.google.com/search?q%3DRehaklinik%2520Bellikon&gae=cb-none'}
Sales Engineer (m/w/d),https://www.jobscout24.ch/de/job/sales-engineer/9172742/,Güdel AG,Langenthal,"{'Ansprechpartner': None, 'Firmengröße': None, 'Standorte': None, 'Telefon': [], 'EMail': []}",{'Webseite': 'https://accounts.google.com/ServiceLogin?hl=de&continue=https://www.google.com/search?q%3DG%25C3%25BCdel%2520AG&gae=cb-none'}
Systemtechniker Gebäudeautomation (a),https://www.jobscout24.ch/de/job/systemtechniker-geb%C3%A4udeautomation/9172534/,Burkhalter Technics AG,Zürich,"{'Ansprechpartner': None, 'Firmengröße': None, 'Standorte': None, 'Telefon': [], 'EMail': []}",{'Webseite': 'https://accounts.google.com/ServiceLogin?hl=de&continue=https://www.google.com/search?q%3DBurkhalter%2520Technics%2520AG&gae=cb-none'}
Werkstattmanager (w/m),https://www.jobscout24.ch/de/job/werkstattmanager/9171825/,Robert Aebi Landtechnik AG,Susten,"{'Ansprechpartner': None, 'Firmengröße': None, 'Standorte': None, 'Telefon': [], 'EMail': []}",{'Webseite': 'https://accounts.google.com/ServiceLogin?hl=de&continue=https://www.google.com/search?q%3DRobert%2520Aebi%2520Landtechnik%2520AG&gae=cb-none'}
Servicetechniker Region Mitte 60-100% (m/w),https://www.jobscout24.ch/de/job/servicetechniker-region-mitte/9171821/,Robert Aebi AG,Region Mitte,"{'Ansprechpartner': None, 'Firmengröße': None, 'Standorte': None, 'Telefon': [], 'EMail': []}",{'Webseite': 'https://accounts.google.com/ServiceLogin?hl=de&continue=https://www.google.com/search?q%3DRobert%2520Aebi%2520AG&gae=cb-none'}
Datacenter Operator 24/7 (a),https://www.jobscout24.ch/de/job/datacenter-operator/9171806/,Green,Birr-Lupfig,"{'Ansprechpartner': None, 'Firmengröße': None, 'Standorte': None, 'Telefon': [], 'EMail': []}",{'Webseite': 'https://accounts.google.com/ServiceLogin?hl=de&continue=https://www.google.com/search?q%3DGreen&gae=cb-none'}
Eisenbahnmechatroniker:in,https://www.jobscout24.ch/de/job/eisenbahnmechatroniker/9106089/,BLS AG,Oberburg,"{'Ansprechpartner': None, 'Firmengröße': None, 'Standorte': None, 'Telefon': [], 'EMail': []}",{'Webseite': 'https://accounts.google.com/ServiceLogin?hl=de&continue=https://www.google.com/search?q%3DBLS%2520AG&gae=cb-none'}
Automobil-Diagnostiker/-in & Stv. Werkstattleiter/-in 80-100%,https://www.jobscout24.ch/de/job/automobil-diagnostiker-stv-werkstattleiter/9171702/,Garage Galliker Mittelland AG,Schönbühl-Urtenen,"{'Ansprechpartner': None, 'Firmengröße': None, 'Standorte': None, 'Telefon': [], 'EMail': []}",{'Webseite': 'https://accounts.google.com/ServiceLogin?hl=de&continue=https://www.google.com/search?q%3DGarage%2520Galliker%2520Mittelland%2520AG&gae=cb-none'}
Baumaschinenmechaniker*in 60 - 100 %,https://www.jobscout24.ch/de/job/baumaschinenmechaniker-100/9161990/,Marti Zentralschweiz,Kriens,"{'Ansprechpartner': None, 'Firmengröße': None, 'Standorte': None, 'Telefon': [], 'EMail': []}",{'Webseite': 'https://accounts.google.com/ServiceLogin?hl=de&continue=https://www.google.com/search?q%3DMarti%2520Zentralschweiz&gae=cb-none'}
SchreinerIn,https://www.jobscout24.ch/de/job/schreiner/9141366/,OTTO'S AG,Sursee,"{'Ansprechpartner': None, 'Firmengröße': None, 'Standorte': None, 'Telefon': [], 'EMail': []}",{'Webseite': 'https://accounts.google.com/ServiceLogin?hl=de&continue=https://www.google.com/search?q%3DOTTO%27S%2520AG&gae=cb-none'}
Servicetechniker*in (m/w/d) Region Basel 80-100%,https://www.jobscout24.ch/de/job/servicetechniker-region-basel/9144018/,AS Aufzüge AG,Basel,"{'Ansprechpartner': None, 'Firmengröße': None, 'Standorte': None, 'Telefon': [], 'EMail': []}",{'Webseite': 'https://accounts.google.com/ServiceLogin?hl=de&continue=https://www.google.com/search?q%3DAS%2520Aufz%25C3%25BCge%2520AG&gae=cb-none'}
Servicetechniker*in Region Appenzell (m/w/d) 80-100%,https://www.jobscout24.ch/de/job/servicetechniker-region-appenzell/9164332/,Schindler Aufzüge AG,Region Appenzell,"{'Ansprechpartner': None, 'Firmengröße': None, 'Standorte': None, 'Telefon': [], 'EMail': []}",{'Webseite': 'https://accounts.google.com/ServiceLogin?hl=de&continue=https://www.google.com/search?q%3DSchindler%2520Aufz%25C3%25BCge%2520AG&gae=cb-none'}
Mechaniker:in für Occasion-Baumaschinen,https://www.jobscout24.ch/de/job/mechaniker-f%C3%BCr-occasion-baumaschinen/9100286/,Avesco,Langenthal,"{'Ansprechpartner': None, 'Firmengröße': None, 'Standorte': None, 'Telefon': [], 'EMail': []}",{'Webseite': 'https://accounts.google.com/ServiceLogin?hl=de&continue=https://www.google.com/search?q%3DAvesco&gae=cb-none'}
Netzmonteur/in (m/w/d),https://www.jobscout24.ch/de/job/netzmonteur/9071528/,EBL (Genossenschaft Elektra Baselland),Liestal,"{'Ansprechpartner': None, 'Firmengröße': None, 'Standorte': None, 'Telefon': [], 'EMail': []}",{'Webseite': 'https://accounts.google.com/ServiceLogin?hl=de&continue=https://www.google.com/search?q%3DEBL%2520%28Genossenschaft%2520Elektra%2520Baselland%29&gae=cb-none'}
Instandhaltungsmitarbeiter m/w,https://www.jobscout24.ch/de/job/instandhaltungsmitarbeiter/9147175/,Rauscher & Stoecklin AG,Sissach,"{'Ansprechpartner': None, 'Firmengröße': None, 'Standorte': None, 'Telefon': [], 'EMail': []}",{'Webseite': 'https://accounts.google.com/ServiceLogin?hl=de&continue=https://www.google.com/search?q%3DRauscher%2520%26%2520Stoecklin%2520AG&gae=cb-none'}
Bauleitender Monteur (w/m/d) 80 - 100%,https://www.jobscout24.ch/de/job/bauleitender-monteur/8850113/,ETAVIS Bern-Mittelland AG,Hinterkappelen,"{'Ansprechpartner': None, 'Firmengröße': None, 'Standorte': None, 'Telefon': [], 'EMail': []}",{'Webseite': 'https://accounts.google.com/ServiceLogin?hl=de&continue=https://www.google.com/search?q%3DETAVIS%2520Bern-Mittelland%2520AG&gae=cb-none'}
LWL-Techniker*in 80-100% (a),https://www.jobscout24.ch/de/job/lwl-techniker/8661054/,Axians Schweiz AG,Schlieren,"{'Ansprechpartner': None, 'Firmengröße': None, 'Standorte': None, 'Telefon': [], 'EMail': []}",{'Webseite': 'https://accounts.google.com/ServiceLogin?hl=de&continue=https://www.google.com/search?q%3DAxians%2520Schweiz%2520AG&gae=cb-none'}
Elektroinstallateur (w/m/d) 80-100%,https://www.jobscout24.ch/de/job/elektroinstallateur/9126136/,ETAVIS Grossenbacher AG,Uzwil,"{'Ansprechpartner': None, 'Firmengröße': None, 'Standorte': None, 'Telefon': [], 'EMail': []}",{'Webseite': 'https://accounts.google.com/ServiceLogin?hl=de&continue=https://www.google.com/search?q%3DETAVIS%2520Grossenbacher%2520AG&gae=cb-none'}
Servicemonteur (w/m/d) 80-100% am Standort Muttenz oder Liestal,https://www.jobscout24.ch/de/job/servicemonteur-standort-muttenz-oder-liestal/9048779/,ETAVIS Kriegel+Co. AG,Muttenz,"{'Ansprechpartner': None, 'Firmengröße': None, 'Standorte': None, 'Telefon': [], 'EMail': []}",{'Webseite': 'https://accounts.google.com/ServiceLogin?hl=de&continue=https://www.google.com/search?q%3DETAVIS%2520Kriegel%2BCo.%2520AG&gae=cb-none'}
SERVICEMONTEUR/-IN (100%),https://www.jobscout24.ch/de/job/servicemonteur/9169166/,NILOS Schweiz AG,Otelfingen,"{'Ansprechpartner': None, 'Firmengröße': None, 'Standorte': None, 'Telefon': [], 'EMail': []}",{'Webseite': 'https://accounts.google.com/ServiceLogin?hl=de&continue=https://www.google.com/search?q%3DNILOS%2520Schweiz%2520AG&gae=cb-none'}
Elektro-Projektleiter/in 100% m/w/d,https://www.jobscout24.ch/de/job/elektro-projektleiter/9169159/,Marcel Hufschmid AG,Zug,"{'Ansprechpartner': None, 'Firmengröße': None, 'Standorte': None, 'Telefon': [], 'EMail': []}",{'Webseite': 'https://accounts.google.com/ServiceLogin?hl=de&continue=https://www.google.com/search?q%3DMarcel%2520Hufschmid%2520AG&gae=cb-none'}
Elektroingenieur 80-100% (m/w/d) - Befristet für 1 Jahr mit Option auf Verlängerung,https://www.jobscout24.ch/de/job/elektroingenieur-befristet-f%C3%BCr-jahr-mit-option-auf-verl%C3%A4ngerung/9169121/,Comet AG,"Bern, Flamatt, Freiburg","{'Ansprechpartner': None, 'Firmengröße': None, 'Standorte': None, 'Telefon': [], 'EMail': []}",{'Webseite': 'https://accounts.google.com/ServiceLogin?hl=de&continue=https://www.google.com/search?q%3DComet%2520AG&gae=cb-none'}
Maurer/in,https://www.jobscout24.ch/de/job/maurer/9163647/,Kanton Basel-Stadt Bau- und Verkehrsdepartement,Basel,"{'Ansprechpartner': None, 'Firmengröße': None, 'Standorte': None, 'Telefon': [], 'EMail': []}",{'Webseite': 'https://accounts.google.com/ServiceLogin?hl=de&continue=https://www.google.com/search?q%3DKanton%2520Basel-Stadt%2520Bau-%2520und%2520Verkehrsdepartement&gae=cb-none'}
"Anlagewart*in Mehrzweckanlage, 100% (unbefristet)",https://www.jobscout24.ch/de/job/anlagewart-mehrzweckanlage/9168603/,CABB AG,Pratteln,"{'Ansprechpartner': None, 'Firmengröße': None, 'Standorte': None, 'Telefon': [], 'EMail': []}",{'Webseite': 'https://accounts.google.com/ServiceLogin?hl=de&continue=https://www.google.com/search?q%3DCABB%2520AG&gae=cb-none'}
Automobil-Fachmann/-frau / -Mechatroniker/-in EFZ,https://www.jobscout24.ch/de/job/automobil-fachmann-frau-mechatroniker-efz/9168553/,Garage Galliker AG Hochdorf,Hochdorf,"{'Ansprechpartner': None, 'Firmengröße': None, 'Standorte': None, 'Telefon': [], 'EMail': []}",{'Webseite': 'https://accounts.google.com/ServiceLogin?hl=de&continue=https://www.google.com/search?q%3DGarage%2520Galliker%2520AG%2520Hochdorf&gae=cb-none'}
Assistent:in Service und Vertrieb (m/w/d) (60%),https://www.jobscout24.ch/de/job/assistent-service-und-vertrieb/9168554/,Hatebur Umformmaschinen AG,Reinach BL,"{'Ansprechpartner': None, 'Firmengröße': None, 'Standorte': None, 'Telefon': [], 'EMail': []}",{'Webseite': 'https://accounts.google.com/ServiceLogin?hl=de&continue=https://www.google.com/search?q%3DHatebur%2520Umformmaschinen%2520AG&gae=cb-none'}
Metallbauer EFZ / Teamleiter Alusystembau (m/w/d) 100%,https://www.jobscout24.ch/de/job/metallbauer-efz-teamleiter-alusystembau/9168302/,Huber Kontech AG,Buttisholz,"{'Ansprechpartner': None, 'Firmengröße': None, 'Standorte': None, 'Telefon': [], 'EMail': []}",{'Webseite': 'https://accounts.google.com/ServiceLogin?hl=de&continue=https://www.google.com/search?q%3DHuber%2520Kontech%2520AG&gae=cb-none'}
Materialwart Feuerwehr (m/w/d),https://www.jobscout24.ch/de/job/materialwart-feuerwehr/9167657/,Dottikon Exclusive Synthesis AG,Dottikon,"{'Ansprechpartner': None, 'Firmengröße': None, 'Standorte': None, 'Telefon': [], 'EMail': []}",{'Webseite': 'https://accounts.google.com/ServiceLogin?hl=de&continue=https://www.google.com/search?q%3DDottikon%2520Exclusive%2520Synthesis%2520AG&gae=cb-none'}
"Maschinenführer Kaschieren/Kunststofftechnologe Folienfertigung (a, 100%)",https://www.jobscout24.ch/de/job/maschinenf%C3%BChrer-kaschieren-kunststofftechnologe-folienfertigung/9167456/,Früh Verpackungstechnik AG,Fehraltorf,"{'Ansprechpartner': None, 'Firmengröße': None, 'Standorte': None, 'Telefon': [], 'EMail': []}",{'Webseite': 'https://accounts.google.com/ServiceLogin?hl=de&continue=https://www.google.com/search?q%3DFr%25C3%25BCh%2520Verpackungstechnik%2520AG&gae=cb-none'}
Strassenbauerin/Strassenbauer,https://www.jobscout24.ch/de/job/strassenbauerin-strassenbauer/9167326/,Kantonale Verwaltung Basel-Landschaft,Reinach BL,"{'Ansprechpartner': None, 'Firmengröße': None, 'Standorte': None, 'Telefon': [], 'EMail': []}",{'Webseite': 'https://accounts.google.com/ServiceLogin?hl=de&continue=https://www.google.com/search?q%3DKantonale%2520Verwaltung%2520Basel-Landschaft&gae=cb-none'}
Automobilmechatroniker (m/w) 100%,https://www.jobscout24.ch/de/job/automobilmechatroniker/9165436/,Ruchstuck Garage AG,Brüttisellen,"{'Ansprechpartner': None, 'Firmengröße': None, 'Standorte': None, 'Telefon': [], 'EMail': []}",{'Webseite': 'https://accounts.google.com/ServiceLogin?hl=de&continue=https://www.google.com/search?q%3DRuchstuck%2520Garage%2520AG&gae=cb-none'}
PROJEKTLEITER ELEKTRO-ENGINEERING 60-100% (M/W/D),https://www.jobscout24.ch/de/job/projektleiter-elektro-engineering/9164979/,SCHERLER AG,Luzern,"{'Ansprechpartner': None, 'Firmengröße': None, 'Standorte': None, 'Telefon': [], 'EMail': []}",{'Webseite': 'https://accounts.google.com/ServiceLogin?hl=de&continue=https://www.google.com/search?q%3DSCHERLER%2520AG&gae=cb-none'}
Projektplaner (m/w/d),https://www.jobscout24.ch/de/job/projektplaner/9164562/,Rheinmetall Air Defence AG,Zürich,"{'Ansprechpartner': None, 'Firmengröße': None, 'Standorte': None, 'Telefon': [], 'EMail': []}",{'Webseite': 'https://accounts.google.com/ServiceLogin?hl=de&continue=https://www.google.com/search?q%3DRheinmetall%2520Air%2520Defence%2520AG&gae=cb-none'}
Automatiker*in für Schienenfahrzeugunterhalt,https://www.jobscout24.ch/de/job/automatiker-f%C3%BCr-schienenfahrzeugunterhalt/9164542/,BVB Basler Verkehrsbetriebe,Basel,"{'Ansprechpartner': None, 'Firmengröße': None, 'Standorte': None, 'Telefon': [], 'EMail': []}",{'Webseite': 'https://accounts.google.com/ServiceLogin?hl=de&continue=https://www.google.com/search?q%3DBVB%2520Basler%2520Verkehrsbetriebe&gae=cb-none'}
Automatiker im Maschinenbau 100% (m/w/d),https://www.jobscout24.ch/de/job/automatiker-maschinenbau/9164538/,Ferag AG,Hinwil,"{'Ansprechpartner': None, 'Firmengröße': None, 'Standorte': None, 'Telefon': [], 'EMail': []}",{'Webseite': 'https://accounts.google.com/ServiceLogin?hl=de&continue=https://www.google.com/search?q%3DFerag%2520AG&gae=cb-none'}
QS-Wareneingangsprüfer (a) 100%,https://www.jobscout24.ch/de/job/wareneingangspr%C3%BCfer/9163019/,RWM Zaugg AG,Solothurn,"{'Ansprechpartner': None, 'Firmengröße': None, 'Standorte': None, 'Telefon': [], 'EMail': []}",{'Webseite': 'https://accounts.google.com/ServiceLogin?hl=de&continue=https://www.google.com/search?q%3DRWM%2520Zaugg%2520AG&gae=cb-none'}
Mechaniker*in Werkstatt Zollikofen,https://www.jobscout24.ch/de/job/mechaniker-werkstatt-zollikofen/9162533/,Rohrer-Marti AG,Zollikofen,"{'Ansprechpartner': None, 'Firmengröße': None, 'Standorte': None, 'Telefon': [], 'EMail': []}",{'Webseite': 'https://accounts.google.com/ServiceLogin?hl=de&continue=https://www.google.com/search?q%3DRohrer-Marti%2520AG&gae=cb-none'}
Schreiner im Busbau (m/w/d),https://www.jobscout24.ch/de/job/schreiner-busbau/9162492/,Carrosserie HESS AG,Bellach,"{'Ansprechpartner': None, 'Firmengröße': None, 'Standorte': None, 'Telefon': [], 'EMail': []}",{'Webseite': 'https://accounts.google.com/ServiceLogin?hl=de&continue=https://www.google.com/search?q%3DCarrosserie%2520HESS%2520AG&gae=cb-none'}
Mitarbeiter:in technischer Unterhalt 100 %,https://www.jobscout24.ch/de/job/mitarbeiter-technischer-unterhalt-100/9162419/,Spavetti AG,Kerzers,"{'Ansprechpartner': None, 'Firmengröße': None, 'Standorte': None, 'Telefon': [], 'EMail': []}",{'Webseite': 'https://accounts.google.com/ServiceLogin?hl=de&continue=https://www.google.com/search?q%3DSpavetti%2520AG&gae=cb-none'}
Senior Maintenance Technician (m/f/d),https://www.jobscout24.ch/de/job/senior-maintenance-technician/9160024/,Johnson & Johnson,Schaffhausen,"{'Ansprechpartner': None, 'Firmengröße': None, 'Standorte': None, 'Telefon': [], 'EMail': []}",{'Webseite': 'https://accounts.google.com/ServiceLogin?hl=de&continue=https://www.google.com/search?q%3DJohnson%2520%26%2520Johnson&gae=cb-none'}
"Solarteur/in, Installateur/In Photovoltaik 100% (m/w/d)",https://www.jobscout24.ch/de/job/solarteur-installateur-photovoltaik/9159476/,Markus Hediger AG,Bern,"{'Ansprechpartner': None, 'Firmengröße': None, 'Standorte': None, 'Telefon': [], 'EMail': []}",{'Webseite': 'https://accounts.google.com/ServiceLogin?hl=de&continue=https://www.google.com/search?q%3DMarkus%2520Hediger%2520AG&gae=cb-none'}
Laseroperator (m/w/d) 100%,https://www.jobscout24.ch/de/job/laseroperator/9159151/,VERWO AG,Reichenburg,"{'Ansprechpartner': None, 'Firmengröße': None, 'Standorte': None, 'Telefon': [], 'EMail': []}",{'Webseite': 'https://accounts.google.com/ServiceLogin?hl=de&continue=https://www.google.com/search?q%3DVERWO%2520AG&gae=cb-none'}
Techniker-in (m/w) 100%,https://www.jobscout24.ch/de/job/techniker/9159057/,Carglass Suisse SA,Kloten,"{'Ansprechpartner': None, 'Firmengröße': None, 'Standorte': None, 'Telefon': [], 'EMail': []}",{'Webseite': 'https://accounts.google.com/ServiceLogin?hl=de&continue=https://www.google.com/search?q%3DCarglass%2520Suisse%2520SA&gae=cb-none'}
Schichtmechaniker/in 100% (m/w),https://www.jobscout24.ch/de/job/schichtmechaniker/9159011/,TRISA,Triengen,"{'Ansprechpartner': None, 'Firmengröße': None, 'Standorte': None, 'Telefon': [], 'EMail': []}",{'Webseite': 'https://accounts.google.com/ServiceLogin?hl=de&continue=https://www.google.com/search?q%3DTRISA&gae=cb-none'}
Fachkraft für Dachbahnenkonfektionierung (Dachausmittlung),https://www.jobscout24.ch/de/job/fachkraft-f%C3%BCr-dachbahnenkonfektionierung/9157307/,SIGA Services AG,Schachen LU,"{'Ansprechpartner': None, 'Firmengröße': None, 'Standorte': None, 'Telefon': [], 'EMail': []}",{'Webseite': 'https://accounts.google.com/ServiceLogin?hl=de&continue=https://www.google.com/search?q%3DSIGA%2520Services%2520AG&gae=cb-none'}
MITARBEITER KONFEKTION | M/W | 100 %,https://www.jobscout24.ch/de/job/mitarbeiter-konfektion-100/9157235/,Daetwyler SwissTec AG,Bleienbach,"{'Ansprechpartner': None, 'Firmengröße': None, 'Standorte': None, 'Telefon': [], 'EMail': []}",{'Webseite': 'https://accounts.google.com/ServiceLogin?hl=de&continue=https://www.google.com/search?q%3DDaetwyler%2520SwissTec%2520AG&gae=cb-none'}
LEITER WERKSTATT & UNTERHALT (Alter 30-45 Jahre) / CHIEF OF MAINTENANCE & REPAIR (30-45 years of age),https://www.jobscout24.ch/de/job/leiter-werkstatt-unterhalt-chief-maintenance-repair/9157014/,Brautec AG,Liberia / Westafrika,"{'Ansprechpartner': None, 'Firmengröße': None, 'Standorte': None, 'Telefon': [], 'EMail': []}",{'Webseite': 'https://accounts.google.com/ServiceLogin?hl=de&continue=https://www.google.com/search?q%3DBrautec%2520AG&gae=cb-none'}
Produktionsplaner*in,https://www.jobscout24.ch/de/job/produktionsplaner/9156955/,HIESTAND Schweiz AG,Dagmersellen,"{'Ansprechpartner': None, 'Firmengröße': None, 'Standorte': None, 'Telefon': [], 'EMail': []}",{'Webseite': 'https://accounts.google.com/ServiceLogin?hl=de&continue=https://www.google.com/search?q%3DHIESTAND%2520Schweiz%2520AG&gae=cb-none'}
Leiter/in Qualitätsmanagement - Nachhaltigkeit 100%,https://www.jobscout24.ch/de/job/leiter-qualit%C3%A4tsmanagement-nachhaltigkeit/9156539/,Centravo AG,Lyss,"{'Ansprechpartner': None, 'Firmengröße': None, 'Standorte': None, 'Telefon': [], 'EMail': []}",{'Webseite': 'https://accounts.google.com/ServiceLogin?hl=de&continue=https://www.google.com/search?q%3DCentravo%2520AG&gae=cb-none'}
Servicetechniker/in HLK Region Bern 80-100%,https://www.jobscout24.ch/de/job/servicetechniker-hlk-region-bern/9156306/,IMI Hydronic Engineering Switzerland AG,Füllinsdorf,"{'Ansprechpartner': None, 'Firmengröße': None, 'Standorte': None, 'Telefon': [], 'EMail': []}",{'Webseite': 'https://accounts.google.com/ServiceLogin?hl=de&continue=https://www.google.com/search?q%3DIMI%2520Hydronic%2520Engineering%2520Switzerland%2520AG&gae=cb-none'}
Mitarbeiter:in Anlage 40 %,https://www.jobscout24.ch/de/job/mitarbeiter-anlage/9155336/,Rivella AG,Rothrist,"{'Ansprechpartner': None, 'Firmengröße': None, 'Standorte': None, 'Telefon': [], 'EMail': []}",{'Webseite': 'https://accounts.google.com/ServiceLogin?hl=de&continue=https://www.google.com/search?q%3DRivella%2520AG&gae=cb-none'}
Regionalserviceleiter in Springerfunktion (m/w/d),https://www.jobscout24.ch/de/job/regionalserviceleiter-springerfunktion/9090601/,Fritz Studer AG,Steffisburg,"{'Ansprechpartner': None, 'Firmengröße': None, 'Standorte': None, 'Telefon': [], 'EMail': []}",{'Webseite': 'https://accounts.google.com/ServiceLogin?hl=de&continue=https://www.google.com/search?q%3DFritz%2520Studer%2520AG&gae=cb-none'}
Automobil-Mechatroniker:in oder Automobil-Fachmann:frau LKW,https://www.jobscout24.ch/de/job/automobil-mechatroniker-oder-automobil-fachmann-frau-lkw/9155132/,Volvo Group (Schweiz) AG,Dällikon,"{'Ansprechpartner': None, 'Firmengröße': None, 'Standorte': None, 'Telefon': [], 'EMail': []}",{'Webseite': 'https://accounts.google.com/ServiceLogin?hl=de&continue=https://www.google.com/search?q%3DVolvo%2520Group%2520%28Schweiz%29%2520AG&gae=cb-none'}
Servicetechniker Sanitär (m/w/d),https://www.jobscout24.ch/de/job/servicetechniker-sanit%C3%A4r/9153432/,Badertscher + Co AG,Bern,"{'Ansprechpartner': None, 'Firmengröße': None, 'Standorte': None, 'Telefon': [], 'EMail': []}",{'Webseite': 'https://accounts.google.com/ServiceLogin?hl=de&continue=https://www.google.com/search?q%3DBadertscher%2520%2B%2520Co%2520AG&gae=cb-none'}
CAD Zeichner:in 80% - 100%,https://www.jobscout24.ch/de/job/cad-zeichner/9152942/,Implenia Schweiz AG,Rümlang,"{'Ansprechpartner': None, 'Firmengröße': None, 'Standorte': None, 'Telefon': [], 'EMail': []}",{'Webseite': 'https://accounts.google.com/ServiceLogin?hl=de&continue=https://www.google.com/search?q%3DImplenia%2520Schweiz%2520AG&gae=cb-none'}
Leiter Prozess Board (m/w/d),https://www.jobscout24.ch/de/job/leiter-prozess-board/9152693/,Weidmann Electrical Technology AG,Rapperswil SG,"{'Ansprechpartner': None, 'Firmengröße': None, 'Standorte': None, 'Telefon': [], 'EMail': []}",{'Webseite': 'https://accounts.google.com/ServiceLogin?hl=de&continue=https://www.google.com/search?q%3DWeidmann%2520Electrical%2520Technology%2520AG&gae=cb-none'}
Servicetechniker Kalibrierstelle (m/w/d),https://www.jobscout24.ch/de/job/servicetechniker-kalibrierstelle/9152409/,walter+bai ag Prüfmaschinen,Löhningen,"{'Ansprechpartner': None, 'Firmengröße': None, 'Standorte': None, 'Telefon': [], 'EMail': []}",{'Webseite': 'https://accounts.google.com/ServiceLogin?hl=de&continue=https://www.google.com/search?q%3Dwalter%2Bbai%2520ag%2520Pr%25C3%25BCfmaschinen&gae=cb-none'}
MONTEUR FAHRZEUGBAU UND SERVICE-VIRTUOSE (M/W/D),https://www.jobscout24.ch/de/job/monteur-fahrzeugbau-und-service-virtuose/9152405/,UT Umwelt- und Transporttechnik AG,Ruggell,"{'Ansprechpartner': None, 'Firmengröße': None, 'Standorte': None, 'Telefon': [], 'EMail': []}",{'Webseite': 'https://accounts.google.com/ServiceLogin?hl=de&continue=https://www.google.com/search?q%3DUT%2520Umwelt-%2520und%2520Transporttechnik%2520AG&gae=cb-none'}
Polymechaniker Instandhaltung (w/m),https://www.jobscout24.ch/de/job/polymechaniker-instandhaltung/9053670/,Schurter AG,Luzern,"{'Ansprechpartner': None, 'Firmengröße': None, 'Standorte': None, 'Telefon': [], 'EMail': []}",{'Webseite': 'https://accounts.google.com/ServiceLogin?hl=de&continue=https://www.google.com/search?q%3DSchurter%2520AG&gae=cb-none'}
Werkzeugmacher/in Mikro-Spritzgussformen 100%,https://www.jobscout24.ch/de/job/werkzeugmacher-mikro-spritzgussformen/9150566/,SPT Roth AG,Lyss,"{'Ansprechpartner': None, 'Firmengröße': None, 'Standorte': None, 'Telefon': [], 'EMail': []}",{'Webseite': 'https://accounts.google.com/ServiceLogin?hl=de&continue=https://www.google.com/search?q%3DSPT%2520Roth%2520AG&gae=cb-none'}
Reifenpraktiker - Fachmann LKW gesucht ! (m/w/d) - 100% - Starte durch und bewirb Dich jetzt !,https://www.jobscout24.ch/de/job/reifenpraktiker-fachmann-lkw-gesucht-starte-durch-und-bewirb-dich-jetzt/9149356/,Euromaster,Region Basel / Region Graubünden,"{'Ansprechpartner': None, 'Firmengröße': None, 'Standorte': None, 'Telefon': [], 'EMail': []}",{'Webseite': 'https://accounts.google.com/ServiceLogin?hl=de&continue=https://www.google.com/search?q%3DEuromaster&gae=cb-none'}
Schädlingsbekämpfer ( Zimmermann / Dachdecker ),https://www.jobscout24.ch/de/job/sch%C3%A4dlingsbek%C3%A4mpfer/9148992/,Insekta Schädlingstechnik GmbH,Brüttisellen,"{'Ansprechpartner': None, 'Firmengröße': None, 'Standorte': None, 'Telefon': [], 'EMail': []}",{'Webseite': 'https://accounts.google.com/ServiceLogin?hl=de&continue=https://www.google.com/search?q%3DInsekta%2520Sch%25C3%25A4dlingstechnik%2520GmbH&gae=cb-none'}
Landmaschinen -/ Baumaschinenmechaniker,https://www.jobscout24.ch/de/job/landmaschinen-baumaschinenmechaniker/9148989/,Jansky & Partner AG,Gossau ZH,"{'Ansprechpartner': None, 'Firmengröße': None, 'Standorte': None, 'Telefon': [], 'EMail': []}",{'Webseite': 'https://accounts.google.com/ServiceLogin?hl=de&continue=https://www.google.com/search?q%3DJansky%2520%26%2520Partner%2520AG&gae=cb-none'}
"Servicetechniker/in Kontrollwartung (m-w), 100%",https://www.jobscout24.ch/de/job/servicetechniker-kontrollwartung/9148062/,vonRoll hydro (suisse) ag,"Zürich, Schaffhausen & Thurgau","{'Ansprechpartner': None, 'Firmengröße': None, 'Standorte': None, 'Telefon': [], 'EMail': []}",{'Webseite': 'https://accounts.google.com/ServiceLogin?hl=de&continue=https://www.google.com/search?q%3DvonRoll%2520hydro%2520%28suisse%29%2520ag&gae=cb-none'}
Einrichter/Schichtleiter,https://www.jobscout24.ch/de/job/einrichter-schichtleiter/9147755/,Presspart AG,Nidau,"{'Ansprechpartner': None, 'Firmengröße': None, 'Standorte': None, 'Telefon': [], 'EMail': []}",{'Webseite': 'https://accounts.google.com/ServiceLogin?hl=de&continue=https://www.google.com/search?q%3DPresspart%2520AG&gae=cb-none'}
Instandhaltungsfachmann:frau / Techniker:in Prüfsysteme (80-100%),https://www.jobscout24.ch/de/job/instandhaltungsfachmann-frau-techniker-pr%C3%BCfsysteme/9147740/,BELIMO Automation AG,Hinwil,"{'Ansprechpartner': None, 'Firmengröße': None, 'Standorte': None, 'Telefon': [], 'EMail': []}",{'Webseite': 'https://accounts.google.com/ServiceLogin?hl=de&continue=https://www.google.com/search?q%3DBELIMO%2520Automation%2520AG&gae=cb-none'}
Mechaniker Forst & Garten / technischer Support 100% (a),https://www.jobscout24.ch/de/job/mechaniker-forst-garten-technischer-support/9147651/,Husqvarna (Schweiz) AG,Mägenwil,"{'Ansprechpartner': None, 'Firmengröße': None, 'Standorte': None, 'Telefon': [], 'EMail': []}",{'Webseite': 'https://accounts.google.com/ServiceLogin?hl=de&continue=https://www.google.com/search?q%3DHusqvarna%2520%28Schweiz%29%2520AG&gae=cb-none'}
Mitarbeitende/n Elektrounterhaltsdienst (m/w/d),https://www.jobscout24.ch/de/job/mitarbeitende-elektrounterhaltsdienst/9147485/,Kanton St. Gallen,Weesen,"{'Ansprechpartner': None, 'Firmengröße': None, 'Standorte': None, 'Telefon': [], 'EMail': []}",{'Webseite': 'https://accounts.google.com/ServiceLogin?hl=de&continue=https://www.google.com/search?q%3DKanton%2520St.%2520Gallen&gae=cb-none'}
Produktionsmitarbeiter Wäscherei / Production Employee Laundry,https://www.jobscout24.ch/de/job/produktionsmitarbeiter-w%C3%A4scherei-production-employee-laundry/9147033/,CWS Workwear Schweiz AG,Kriens,"{'Ansprechpartner': None, 'Firmengröße': None, 'Standorte': None, 'Telefon': [], 'EMail': []}",{'Webseite': 'https://accounts.google.com/ServiceLogin?hl=de&continue=https://www.google.com/search?q%3DCWS%2520Workwear%2520Schweiz%2520AG&gae=cb-none'}
Handwerker (m/w/d),https://www.jobscout24.ch/de/job/handwerker/9146913/,PureGym AG,Bern,"{'Ansprechpartner': None, 'Firmengröße': None, 'Standorte': None, 'Telefon': [], 'EMail': []}",{'Webseite': 'https://accounts.google.com/ServiceLogin?hl=de&continue=https://www.google.com/search?q%3DPureGym%2520AG&gae=cb-none'}
Anlagetechniker 100%,https://www.jobscout24.ch/de/job/anlagetechniker/9146904/,Voigt Industrie Service AG,Niederbipp,"{'Ansprechpartner': None, 'Firmengröße': None, 'Standorte': None, 'Telefon': [], 'EMail': []}",{'Webseite': 'https://accounts.google.com/ServiceLogin?hl=de&continue=https://www.google.com/search?q%3DVoigt%2520Industrie%2520Service%2520AG&gae=cb-none'}
Monteur Kundendienst 100%,https://www.jobscout24.ch/de/job/monteur-kundendienst/9146430/,ALPHA WasserTechnik AG,Nidau,"{'Ansprechpartner': None, 'Firmengröße': None, 'Standorte': None, 'Telefon': [], 'EMail': []}",{'Webseite': 'https://accounts.google.com/ServiceLogin?hl=de&continue=https://www.google.com/search?q%3DALPHA%2520WasserTechnik%2520AG&gae=cb-none'}
Mitarbeiter Betriebstechnik (m/w) 80-100%,https://www.jobscout24.ch/de/job/mitarbeiter-betriebstechnik/9145222/,Jansen AG,Oberriet SG,"{'Ansprechpartner': None, 'Firmengröße': None, 'Standorte': None, 'Telefon': [], 'EMail': []}",{'Webseite': 'https://accounts.google.com/ServiceLogin?hl=de&continue=https://www.google.com/search?q%3DJansen%2520AG&gae=cb-none'}
Allrounder Produktion,https://www.jobscout24.ch/de/job/allrounder-produktion/9145220/,Megasol Energie AG,Deitingen,"{'Ansprechpartner': None, 'Firmengröße': None, 'Standorte': None, 'Telefon': [], 'EMail': []}",{'Webseite': 'https://accounts.google.com/ServiceLogin?hl=de&continue=https://www.google.com/search?q%3DMegasol%2520Energie%2520AG&gae=cb-none'}
Ingenieur für Radioaktivtransporte und Safeguards,https://www.jobscout24.ch/de/job/ingenieur-f%C3%BCr-radioaktivtransporte-und-safeguards/9144556/,Kernkraftwerk Gösgen-Däniken,Däniken SO,"{'Ansprechpartner': None, 'Firmengröße': None, 'Standorte': None, 'Telefon': [], 'EMail': []}",{'Webseite': 'https://accounts.google.com/ServiceLogin?hl=de&continue=https://www.google.com/search?q%3DKernkraftwerk%2520G%25C3%25B6sgen-D%25C3%25A4niken&gae=cb-none'}
Projektleiter:In,https://www.jobscout24.ch/de/job/projektleiter/9144508/,Parkett Maier AG,Zürich,"{'Ansprechpartner': None, 'Firmengröße': None, 'Standorte': None, 'Telefon': [], 'EMail': []}",{'Webseite': 'https://accounts.google.com/ServiceLogin?hl=de&continue=https://www.google.com/search?q%3DParkett%2520Maier%2520AG&gae=cb-none'}
Head Testing (w/m/d),https://www.jobscout24.ch/de/job/head-testing/9144479/,Eugen Seitz AG,Wetzikon ZH,"{'Ansprechpartner': None, 'Firmengröße': None, 'Standorte': None, 'Telefon': [], 'EMail': []}",{'Webseite': 'https://accounts.google.com/ServiceLogin?hl=de&continue=https://www.google.com/search?q%3DEugen%2520Seitz%2520AG&gae=cb-none'}
Servicetechniker International für 2D Lasermaschinen (m/w/d),https://www.jobscout24.ch/de/job/servicetechniker-international-f%C3%BCr-lasermaschinen/9144207/,TRUMPF Schweiz AG,Grüsch,"{'Ansprechpartner': None, 'Firmengröße': None, 'Standorte': None, 'Telefon': [], 'EMail': []}",{'Webseite': 'https://accounts.google.com/ServiceLogin?hl=de&continue=https://www.google.com/search?q%3DTRUMPF%2520Schweiz%2520AG&gae=cb-none'}
Mechaniker Werkstatt & Technik,https://www.jobscout24.ch/de/job/mechaniker-werkstatt-technik/9144115/,Sommer AG,Grünen,"{'Ansprechpartner': None, 'Firmengröße': None, 'Standorte': None, 'Telefon': [], 'EMail': []}",{'Webseite': 'https://accounts.google.com/ServiceLogin?hl=de&continue=https://www.google.com/search?q%3DSommer%2520AG&gae=cb-none'}
Product Conformity Manager 100%,https://www.jobscout24.ch/de/job/product-conformity-manager/9144104/,Leister AG,Kägiswil,"{'Ansprechpartner': None, 'Firmengröße': None, 'Standorte': None, 'Telefon': [], 'EMail': []}",{'Webseite': 'https://accounts.google.com/ServiceLogin?hl=de&continue=https://www.google.com/search?q%3DLeister%2520AG&gae=cb-none'}
Servicetechniker / in Zutrittssysteme,https://www.jobscout24.ch/de/job/servicetechniker-zutrittssysteme/9143546/,FAND AG,Winterthur,"{'Ansprechpartner': None, 'Firmengröße': None, 'Standorte': None, 'Telefon': [], 'EMail': []}",{'Webseite': 'https://accounts.google.com/ServiceLogin?hl=de&continue=https://www.google.com/search?q%3DFAND%2520AG&gae=cb-none'}
Leiter Qualitätsmanagement (Group) (a),https://www.jobscout24.ch/de/job/leiter-qualit%C3%A4tsmanagement/9143442/,Baumer Electric AG,Frauenfeld,"{'Ansprechpartner': None, 'Firmengröße': None, 'Standorte': None, 'Telefon': [], 'EMail': []}",{'Webseite': 'https://accounts.google.com/ServiceLogin?hl=de&continue=https://www.google.com/search?q%3DBaumer%2520Electric%2520AG&gae=cb-none'}
Gärtner-/in / Mitarbeiter-/in Parkunterhalt,https://www.jobscout24.ch/de/job/g%C3%A4rtner-mitarbeiter-parkunterhalt/9143425/,Psychiatrische Dienste Aargau AG,Windisch,"{'Ansprechpartner': None, 'Firmengröße': None, 'Standorte': None, 'Telefon': [], 'EMail': []}",{'Webseite': 'https://accounts.google.com/ServiceLogin?hl=de&continue=https://www.google.com/search?q%3DPsychiatrische%2520Dienste%2520Aargau%2520AG&gae=cb-none'}
Schreiner Werkstatt / Maschinist (Pensum 80-100%),https://www.jobscout24.ch/de/job/schreiner-werkstatt-maschinist/9142604/,Kurt Benz Möbel und Innenausbau AG,Dietlikon,"{'Ansprechpartner': None, 'Firmengröße': None, 'Standorte': None, 'Telefon': [], 'EMail': []}",{'Webseite': 'https://accounts.google.com/ServiceLogin?hl=de&continue=https://www.google.com/search?q%3DKurt%2520Benz%2520M%25C3%25B6bel%2520und%2520Innenausbau%2520AG&gae=cb-none'}
